Specimen text inputs : Specimen text input  1,,""

Results Table 1
,Specimen text input  1
"23","f0_3"

Results Table 2


Time,Displacement,Force
(s),(mm),(kN)
"0.0000","0.0000","0.0125"
"0.0200","0.0002","0.0127"
"0.0400","0.0006","0.0137"
"0.0600","0.0018","0.0155"
"0.0800","0.0038","0.0220"
"0.1000","0.0061","0.0339"
"0.1200","0.0086","0.0487"
"0.1400","0.0107","0.0613"
"0.1600","0.0128","0.0692"
"0.1800","0.0146","0.0728"
"0.2000","0.0164","0.0761"
"0.2200","0.0181","0.0798"
"0.2400","0.0198","0.0829"
"0.2600","0.0216","0.0859"
"0.2800","0.0233","0.0887"
"0.3000","0.0251","0.0910"
"0.3200","0.0267","0.0932"
"0.3400","0.0284","0.0950"
"0.3600","0.0300","0.0965"
"0.3800","0.0317","0.0985"
"0.4000","0.0334","0.1002"
"0.4200","0.0351","0.1023"
"0.4400","0.0369","0.1043"
"0.4600","0.0386","0.1061"
"0.4800","0.0401","0.1077"
"0.5000","0.0417","0.1094"
"0.5200","0.0435","0.1114"
"0.5400","0.0452","0.1134"
"0.5600","0.0469","0.1159"
"0.5800","0.0486","0.1183"
"0.6000","0.0502","0.1209"
"0.6200","0.0518","0.1236"
"0.6400","0.0534","0.1260"
"0.6600","0.0551","0.1281"
"0.6800","0.0569","0.1309"
"0.7000","0.0585","0.1347"
"0.7200","0.0602","0.1386"
"0.7400","0.0619","0.1424"
"0.7600","0.0635","0.1459"
"0.7800","0.0650","0.1498"
"0.8000","0.0667","0.1539"
"0.8200","0.0685","0.1587"
"0.8400","0.0702","0.1641"
"0.8600","0.0719","0.1698"
"0.8800","0.0735","0.1757"
"0.9000","0.0752","0.1816"
"0.9200","0.0767","0.1874"
"0.9400","0.0785","0.1930"
"0.9600","0.0802","0.1994"
"0.9800","0.0819","0.2059"
"1.0000","0.0836","0.2130"
"1.0200","0.0852","0.2200"
"1.0400","0.0869","0.2269"
"1.0600","0.0884","0.2346"
"1.0800","0.0901","0.2417"
"1.1000","0.0918","0.2490"
"1.1200","0.0935","0.2568"
"1.1400","0.0952","0.2648"
"1.1600","0.0968","0.2730"
"1.1800","0.0985","0.2810"
"1.2000","0.1000","0.2889"
"1.2200","0.1017","0.2963"
"1.2400","0.1034","0.3045"
"1.2600","0.1052","0.3126"
"1.2800","0.1069","0.3212"
"1.3000","0.1086","0.3297"
"1.3200","0.1102","0.3379"
"1.3400","0.1117","0.3463"
"1.3600","0.1134","0.3541"
"1.3800","0.1151","0.3621"
"1.4000","0.1169","0.3710"
"1.4200","0.1186","0.3800"
"1.4400","0.1202","0.3879"
"1.4600","0.1219","0.3959"
"1.4800","0.1235","0.4038"
"1.5000","0.1251","0.4116"
"1.5200","0.1268","0.4199"
"1.5400","0.1286","0.4297"
"1.5600","0.1302","0.4390"
"1.5800","0.1319","0.4474"
"1.6000","0.1336","0.4559"
"1.6200","0.1351","0.4642"
"1.6400","0.1367","0.4724"
"1.6600","0.1384","0.4800"
"1.6800","0.1401","0.4882"
"1.7000","0.1418","0.4974"
"1.7200","0.1435","0.5076"
"1.7400","0.1452","0.5171"
"1.7600","0.1468","0.5260"
"1.7800","0.1483","0.5347"
"1.8000","0.1501","0.5432"
"1.8200","0.1517","0.5522"
"1.8400","0.1535","0.5619"
"1.8600","0.1552","0.5714"
"1.8800","0.1569","0.5813"
"1.9000","0.1585","0.5910"
"1.9200","0.1600","0.6005"
"1.9400","0.1617","0.6096"
"1.9600","0.1634","0.6191"
"1.9800","0.1652","0.6291"
"2.0000","0.1669","0.6390"
"2.0200","0.1686","0.6489"
"2.0400","0.1702","0.6585"
"2.0600","0.1717","0.6678"
"2.0800","0.1734","0.6764"
"2.1000","0.1751","0.6856"
"2.1200","0.1769","0.6957"
"2.1400","0.1785","0.7063"
"2.1600","0.1802","0.7164"
"2.1800","0.1819","0.7263"
"2.2000","0.1834","0.7359"
"2.2200","0.1851","0.7450"
"2.2400","0.1867","0.7542"
"2.2600","0.1885","0.7636"
"2.2800","0.1901","0.7732"
"2.3000","0.1919","0.7829"
"2.3200","0.1936","0.7926"
"2.3400","0.1951","0.8026"
"2.3600","0.1967","0.8120"
"2.3800","0.1984","0.8209"
"2.4000","0.2002","0.8303"
"2.4200","0.2019","0.8402"
"2.4400","0.2036","0.8504"
"2.4600","0.2052","0.8602"
"2.4800","0.2067","0.8692"
"2.5000","0.2084","0.8782"
"2.5200","0.2101","0.8872"
"2.5400","0.2119","0.8967"
"2.5600","0.2135","0.9065"
"2.5800","0.2152","0.9160"
"2.6000","0.2168","0.9255"
"2.6200","0.2184","0.9347"
"2.6400","0.2201","0.9439"
"2.6600","0.2217","0.9527"
"2.6800","0.2234","0.9621"
"2.7000","0.2251","0.9716"
"2.7200","0.2268","0.9810"
"2.7400","0.2285","0.9907"
"2.7600","0.2301","1.0002"
"2.7800","0.2316","1.0093"
"2.8000","0.2333","1.0178"
"2.8200","0.2351","1.0268"
"2.8400","0.2368","1.0363"
"2.8600","0.2386","1.0461"
"2.8800","0.2402","1.0557"
"2.9000","0.2418","1.0649"
"2.9200","0.2434","1.0740"
"2.9400","0.2451","1.0826"
"2.9600","0.2469","1.0916"
"2.9800","0.2486","1.1013"
"3.0000","0.2502","1.1107"
"3.0200","0.2518","1.1198"
"3.0400","0.2535","1.1292"
"3.0600","0.2551","1.1381"
"3.0800","0.2568","1.1466"
"3.1000","0.2584","1.1555"
"3.1200","0.2601","1.1646"
"3.1400","0.2618","1.1736"
"3.1600","0.2635","1.1825"
"3.1800","0.2652","1.1915"
"3.2000","0.2667","1.2000"
"3.2200","0.2684","1.2083"
"3.2400","0.2701","1.2163"
"3.2600","0.2717","1.2249"
"3.2800","0.2735","1.2342"
"3.3000","0.2752","1.2432"
"3.3200","0.2767","1.2525"
"3.3400","0.2783","1.2610"
"3.3600","0.2800","1.2690"
"3.3800","0.2817","1.2772"
"3.4000","0.2835","1.2861"
"3.4200","0.2852","1.2951"
"3.4400","0.2868","1.3038"
"3.4600","0.2884","1.3123"
"3.4800","0.2901","1.3208"
"3.5000","0.2917","1.3289"
"3.5200","0.2934","1.3371"
"3.5400","0.2951","1.3456"
"3.5600","0.2968","1.3545"
"3.5800","0.2986","1.3632"
"3.6000","0.3002","1.3717"
"3.6200","0.3018","1.3800"
"3.6400","0.3033","1.3880"
"3.6600","0.3051","1.3952"
"3.6800","0.3068","1.4031"
"3.7000","0.3086","1.4118"
"3.7200","0.3102","1.4209"
"3.7400","0.3119","1.4293"
"3.7600","0.3134","1.4372"
"3.7800","0.3150","1.4447"
"3.8000","0.3168","1.4520"
"3.8200","0.3186","1.4603"
"3.8400","0.3202","1.4690"
"3.8600","0.3219","1.4775"
"3.8800","0.3236","1.4852"
"3.9000","0.3252","1.4928"
"3.9200","0.3267","1.5003"
"3.9400","0.3285","1.5078"
"3.9600","0.3301","1.5158"
"3.9800","0.3318","1.5239"
"4.0000","0.3335","1.5318"
"4.0200","0.3352","1.5397"
"4.0400","0.3368","1.5478"
"4.0600","0.3382","1.5553"
"4.0800","0.3399","1.5615"
"4.1000","0.3417","1.5686"
"4.1200","0.3435","1.5765"
"4.1400","0.3452","1.5846"
"4.1600","0.3468","1.5926"
"4.1800","0.3484","1.6002"
"4.2000","0.3499","1.6072"
"4.2200","0.3517","1.6138"
"4.2400","0.3534","1.6207"
"4.2600","0.3552","1.6282"
"4.2800","0.3569","1.6362"
"4.3000","0.3586","1.6438"
"4.3200","0.3602","1.6514"
"4.3400","0.3618","1.6590"
"4.3600","0.3634","1.6657"
"4.3800","0.3651","1.6724"
"4.4000","0.3668","1.6793"
"4.4200","0.3685","1.6865"
"4.4400","0.3702","1.6937"
"4.4600","0.3719","1.7008"
"4.4800","0.3734","1.7078"
"4.5000","0.3750","1.7146"
"4.5200","0.3768","1.7211"
"4.5400","0.3786","1.7281"
"4.5600","0.3803","1.7356"
"4.5800","0.3820","1.7432"
"4.6000","0.3836","1.7503"
"4.6200","0.3851","1.7567"
"4.6400","0.3867","1.7626"
"4.6600","0.3885","1.7684"
"4.6800","0.3902","1.7755"
"4.7000","0.3919","1.7829"
"4.7200","0.3936","1.7898"
"4.7400","0.3952","1.7964"
"4.7600","0.3969","1.8030"
"4.7800","0.3984","1.8092"
"4.8000","0.4001","1.8156"
"4.8200","0.4018","1.8216"
"4.8400","0.4035","1.8282"
"4.8600","0.4052","1.8347"
"4.8800","0.4069","1.8414"
"4.9000","0.4085","1.8481"
"4.9200","0.4099","1.8545"
"4.9400","0.4116","1.8600"
"4.9600","0.4134","1.8657"
"4.9800","0.4152","1.8722"
"5.0000","0.4169","1.8795"
"5.0200","0.4186","1.8863"
"5.0400","0.4201","1.8924"
"5.0600","0.4217","1.8980"
"5.0800","0.4234","1.9035"
"5.1000","0.4251","1.9095"
"5.1200","0.4269","1.9162"
"5.1400","0.4285","1.9228"
"5.1600","0.4302","1.9287"
"5.1800","0.4319","1.9345"
"5.2000","0.4335","1.9405"
"5.2200","0.4351","1.9459"
"5.2400","0.4368","1.9518"
"5.2600","0.4385","1.9579"
"5.2800","0.4402","1.9638"
"5.3000","0.4419","1.9699"
"5.3200","0.4436","1.9761"
"5.3400","0.4451","1.9821"
"5.3600","0.4467","1.9874"
"5.3800","0.4484","1.9923"
"5.4000","0.4502","1.9979"
"5.4200","0.4519","2.0039"
"5.4400","0.4536","2.0100"
"5.4600","0.4552","2.0158"
"5.4800","0.4567","2.0208"
"5.5000","0.4583","2.0256"
"5.5200","0.4601","2.0305"
"5.5400","0.4619","2.0366"
"5.5600","0.4635","2.0427"
"5.5800","0.4652","2.0483"
"5.6000","0.4668","2.0539"
"5.6200","0.4685","2.0590"
"5.6400","0.4701","2.0643"
"5.6600","0.4717","2.0692"
"5.6800","0.4734","2.0746"
"5.7000","0.4751","2.0799"
"5.7200","0.4769","2.0859"
"5.7400","0.4786","2.0917"
"5.7600","0.4802","2.0971"
"5.7800","0.4817","2.1020"
"5.8000","0.4834","2.1064"
"5.8200","0.4852","2.1113"
"5.8400","0.4869","2.1171"
"5.8600","0.4886","2.1225"
"5.8800","0.4902","2.1279"
"5.9000","0.4918","2.1325"
"5.9200","0.4934","2.1370"
"5.9400","0.4951","2.1415"
"5.9600","0.4969","2.1466"
"5.9800","0.4986","2.1522"
"6.0000","0.5002","2.1575"
"6.0200","0.5018","2.1625"
"6.0400","0.5035","2.1672"
"6.0600","0.5051","2.1720"
"6.0800","0.5068","2.1770"
"6.1000","0.5084","2.1818"
"6.1200","0.5101","2.1868"
"6.1400","0.5118","2.1921"
"6.1600","0.5136","2.1970"
"6.1800","0.5152","2.2020"
"6.2000","0.5167","2.2067"
"6.2200","0.5184","2.2113"
"6.2400","0.5201","2.2161"
"6.2600","0.5219","2.2208"
"6.2800","0.5236","2.2261"
"6.3000","0.5252","2.2314"
"6.3200","0.5268","2.2366"
"6.3400","0.5284","2.2410"
"6.3600","0.5301","2.2449"
"6.3800","0.5318","2.2491"
"6.4000","0.5336","2.2542"
"6.4200","0.5352","2.2595"
"6.4400","0.5369","2.2645"
"6.4600","0.5385","2.2692"
"6.4800","0.5401","2.2736"
"6.5000","0.5417","2.2779"
"6.5200","0.5434","2.2821"
"6.5400","0.5451","2.2868"
"6.5600","0.5467","2.2919"
"6.5800","0.5485","2.2964"
"6.6000","0.5501","2.3008"
"6.6200","0.5517","2.3053"
"6.6400","0.5532","2.3091"
"6.6600","0.5550","2.3126"
"6.6800","0.5567","2.3173"
"6.7000","0.5586","2.3225"
"6.7200","0.5603","2.3281"
"6.7400","0.5619","2.3331"
"6.7600","0.5635","2.3371"
"6.7800","0.5651","2.3408"
"6.8000","0.5668","2.3445"
"6.8200","0.5686","2.3486"
"6.8400","0.5702","2.3535"
"6.8600","0.5719","2.3585"
"6.8800","0.5736","2.3629"
"6.9000","0.5752","2.3669"
"6.9200","0.5769","2.3703"
"6.9400","0.5786","2.3743"
"6.9600","0.5802","2.3787"
"6.9800","0.5819","2.3831"
"7.0000","0.5836","2.3872"
"7.0200","0.5852","2.3914"
"7.0400","0.5869","2.3956"
"7.0600","0.5883","2.3992"
"7.0800","0.5900","2.4021"
"7.1000","0.5917","2.4054"
"7.1200","0.5935","2.4094"
"7.1400","0.5951","2.4143"
"7.1600","0.5968","2.4190"
"7.1800","0.5984","2.4230"
"7.2000","0.5999","2.4264"
"7.2200","0.6016","2.4294"
"7.2400","0.6034","2.4332"
"7.2600","0.6052","2.4377"
"7.2800","0.6069","2.4423"
"7.3000","0.6086","2.4465"
"7.3200","0.6102","2.4507"
"7.3400","0.6118","2.4544"
"7.3600","0.6134","2.4577"
"7.3800","0.6151","2.4611"
"7.4000","0.6169","2.4646"
"7.4200","0.6186","2.4683"
"7.4400","0.6203","2.4722"
"7.4600","0.6220","2.4765"
"7.4800","0.6235","2.4804"
"7.5000","0.6250","2.4831"
"7.5200","0.6267","2.4858"
"7.5400","0.6285","2.4893"
"7.5600","0.6302","2.4936"
"7.5800","0.6320","2.4980"
"7.6000","0.6336","2.5021"
"7.6200","0.6351","2.5057"
"7.6400","0.6367","2.5088"
"7.6600","0.6385","2.5119"
"7.6800","0.6402","2.5157"
"7.7000","0.6419","2.5198"
"7.7200","0.6436","2.5238"
"7.7400","0.6452","2.5276"
"7.7600","0.6469","2.5310"
"7.7800","0.6484","2.5343"
"7.8000","0.6501","2.5375"
"7.8200","0.6518","2.5409"
"7.8400","0.6535","2.5443"
"7.8600","0.6552","2.5478"
"7.8800","0.6569","2.5514"
"7.9000","0.6586","2.5555"
"7.9200","0.6600","2.5589"
"7.9400","0.6617","2.5610"
"7.9600","0.6634","2.5638"
"7.9800","0.6652","2.5677"
"8.0000","0.6669","2.5720"
"8.0200","0.6686","2.5763"
"8.0400","0.6702","2.5800"
"8.0600","0.6717","2.5829"
"8.0800","0.6734","2.5854"
"8.1000","0.6751","2.5886"
"8.1200","0.6769","2.5928"
"8.1400","0.6785","2.5968"
"8.1600","0.6802","2.6003"
"8.1800","0.6819","2.6040"
"8.2000","0.6835","2.6075"
"8.2200","0.6851","2.6108"
"8.2400","0.6867","2.6143"
"8.2600","0.6885","2.6177"
"8.2800","0.6901","2.6213"
"8.3000","0.6919","2.6252"
"8.3200","0.6936","2.6291"
"8.3400","0.6951","2.6326"
"8.3600","0.6967","2.6355"
"8.3800","0.6984","2.6384"
"8.4000","0.7002","2.6419"
"8.4200","0.7019","2.6460"
"8.4400","0.7036","2.6502"
"8.4600","0.7052","2.6539"
"8.4800","0.7068","2.6572"
"8.5000","0.7084","2.6599"
"8.5200","0.7101","2.6628"
"8.5400","0.7119","2.6667"
"8.5600","0.7135","2.6709"
"8.5800","0.7152","2.6747"
"8.6000","0.7169","2.6781"
"8.6200","0.7185","2.6814"
"8.6400","0.7201","2.6847"
"8.6600","0.7218","2.6877"
"8.6800","0.7234","2.6913"
"8.7000","0.7251","2.6947"
"8.7200","0.7269","2.6985"
"8.7400","0.7286","2.7028"
"8.7600","0.7302","2.7068"
"8.7800","0.7317","2.7102"
"8.8000","0.7334","2.7135"
"8.8200","0.7352","2.7171"
"8.8400","0.7369","2.7211"
"8.8600","0.7386","2.7253"
"8.8800","0.7402","2.7293"
"8.9000","0.7418","2.7326"
"8.9200","0.7434","2.7357"
"8.9400","0.7451","2.7387"
"8.9600","0.7469","2.7425"
"8.9800","0.7486","2.7465"
"9.0000","0.7502","2.7509"
"9.0200","0.7519","2.7544"
"9.0400","0.7536","2.7578"
"9.0600","0.7552","2.7612"
"9.0800","0.7569","2.7646"
"9.1000","0.7585","2.7682"
"9.1200","0.7602","2.7719"
"9.1400","0.7619","2.7754"
"9.1600","0.7636","2.7790"
"9.1800","0.7652","2.7831"
"9.2000","0.7667","2.7866"
"9.2200","0.7683","2.7895"
"9.2400","0.7700","2.7926"
"9.2600","0.7717","2.7965"
"9.2800","0.7735","2.8009"
"9.3000","0.7752","2.8049"
"9.3200","0.7768","2.8090"
"9.3400","0.7784","2.8127"
"9.3600","0.7801","2.8160"
"9.3800","0.7818","2.8199"
"9.4000","0.7836","2.8240"
"9.4200","0.7852","2.8284"
"9.4400","0.7869","2.8324"
"9.4600","0.7886","2.8359"
"9.4800","0.7901","2.8394"
"9.5000","0.7917","2.8430"
"9.5200","0.7935","2.8465"
"9.5400","0.7952","2.8504"
"9.5600","0.7969","2.8544"
"9.5800","0.7986","2.8582"
"9.6000","0.8003","2.8623"
"9.6200","0.8018","2.8660"
"9.6400","0.8034","2.8689"
"9.6600","0.8051","2.8718"
"9.6800","0.8069","2.8752"
"9.7000","0.8086","2.8794"
"9.7200","0.8102","2.8837"
"9.7400","0.8119","2.8880"
"9.7600","0.8134","2.8915"
"9.7800","0.8150","2.8946"
"9.8000","0.8167","2.8979"
"9.8200","0.8186","2.9015"
"9.8400","0.8202","2.9057"
"9.8600","0.8219","2.9103"
"9.8800","0.8235","2.9144"
"9.9000","0.8251","2.9179"
"9.9200","0.8267","2.9214"
"9.9400","0.8284","2.9251"
"9.9600","0.8301","2.9287"
"9.9800","0.8318","2.9325"
"10.0000","0.8335","2.9367"
"10.0200","0.8352","2.9405"
"10.0400","0.8369","2.9444"
"10.0600","0.8384","2.9481"
"10.0800","0.8401","2.9511"
"10.1000","0.8418","2.9546"
"10.1200","0.8436","2.9590"
"10.1400","0.8453","2.9629"
"10.1600","0.8469","2.9671"
"10.1800","0.8485","2.9708"
"10.2000","0.8500","2.9739"
"10.2200","0.8517","2.9765"
"10.2400","0.8535","2.9799"
"10.2600","0.8552","2.9842"
"10.2800","0.8569","2.9887"
"10.3000","0.8586","2.9928"
"10.3200","0.8602","2.9969"
"10.3400","0.8617","3.0008"
"10.3600","0.8634","3.0041"
"10.3800","0.8651","3.0074"
"10.4000","0.8667","3.0113"
"10.4200","0.8685","3.0157"
"10.4400","0.8702","3.0204"
"10.4600","0.8719","3.0250"
"10.4800","0.8734","3.0294"
"10.5000","0.8750","3.0327"
"10.5200","0.8767","3.0360"
"10.5400","0.8785","3.0399"
"10.5600","0.8802","3.0441"
"10.5800","0.8820","3.0487"
"10.6000","0.8836","3.0533"
"10.6200","0.8851","3.0571"
"10.6400","0.8867","3.0599"
"10.6600","0.8885","3.0627"
"10.6800","0.8902","3.0668"
"10.7000","0.8919","3.0713"
"10.7200","0.8936","3.0753"
"10.7400","0.8952","3.0791"
"10.7600","0.8968","3.0830"
"10.7800","0.8984","3.0862"
"10.8000","0.9001","3.0894"
"10.8200","0.9017","3.0931"
"10.8400","0.9034","3.0970"
"10.8600","0.9052","3.1013"
"10.8800","0.9069","3.1058"
"10.9000","0.9085","3.1101"
"10.9200","0.9100","3.1138"
"10.9400","0.9117","3.1170"
"10.9600","0.9134","3.1201"
"10.9800","0.9152","3.1243"
"11.0000","0.9169","3.1289"
"11.0200","0.9186","3.1332"
"11.0400","0.9202","3.1376"
"11.0600","0.9217","3.1410"
"11.0800","0.9234","3.1436"
"11.1000","0.9252","3.1471"
"11.1200","0.9269","3.1515"
"11.1400","0.9286","3.1560"
"11.1600","0.9302","3.1598"
"11.1800","0.9319","3.1636"
"11.2000","0.9336","3.1678"
"11.2200","0.9352","3.1711"
"11.2400","0.9369","3.1744"
"11.2600","0.9386","3.1780"
"11.2800","0.9402","3.1818"
"11.3000","0.9420","3.1858"
"11.3200","0.9436","3.1903"
"11.3400","0.9451","3.1940"
"11.3600","0.9467","3.1967"
"11.3800","0.9484","3.1998"
"11.4000","0.9502","3.2038"
"11.4200","0.9519","3.2084"
"11.4400","0.9536","3.2130"
"11.4600","0.9552","3.2173"
"11.4800","0.9567","3.2207"
"11.5000","0.9583","3.2240"
"11.5200","0.9601","3.2272"
"11.5400","0.9619","3.2316"
"11.5600","0.9635","3.2358"
"11.5800","0.9652","3.2398"
"11.6000","0.9669","3.2439"
"11.6200","0.9685","3.2480"
"11.6400","0.9701","3.2515"
"11.6600","0.9718","3.2551"
"11.6800","0.9734","3.2589"
"11.7000","0.9752","3.2626"
"11.7200","0.9769","3.2663"
"11.7400","0.9786","3.2707"
"11.7600","0.9802","3.2751"
"11.7800","0.9817","3.2785"
"11.8000","0.9834","3.2812"
"11.8200","0.9852","3.2849"
"11.8400","0.9869","3.2890"
"11.8600","0.9886","3.2931"
"11.8800","0.9902","3.2971"
"11.9000","0.9918","3.3004"
"11.9200","0.9934","3.3037"
"11.9400","0.9951","3.3073"
"11.9600","0.9969","3.3114"
"11.9800","0.9986","3.3157"
"12.0000","1.0002","3.3197"
"12.0200","1.0019","3.3233"
"12.0400","1.0035","3.3272"
"12.0600","1.0051","3.3310"
"12.0800","1.0068","3.3346"
"12.1000","1.0085","3.3388"
"12.1200","1.0102","3.3430"
"12.1400","1.0118","3.3470"
"12.1600","1.0136","3.3506"
"12.1800","1.0152","3.3545"
"12.2000","1.0167","3.3581"
"12.2200","1.0184","3.3611"
"12.2400","1.0201","3.3646"
"12.2600","1.0219","3.3688"
"12.2800","1.0236","3.3729"
"12.3000","1.0252","3.3771"
"12.3200","1.0268","3.3812"
"12.3400","1.0284","3.3845"
"12.3600","1.0301","3.3873"
"12.3800","1.0318","3.3904"
"12.4000","1.0335","3.3945"
"12.4200","1.0351","3.3987"
"12.4400","1.0368","3.4026"
"12.4600","1.0384","3.4064"
"12.4800","1.0401","3.4100"
"12.5000","1.0417","3.4133"
"12.5200","1.0434","3.4168"
"12.5400","1.0452","3.4208"
"12.5600","1.0469","3.4251"
"12.5800","1.0486","3.4292"
"12.6000","1.0502","3.4335"
"12.6200","1.0518","3.4378"
"12.6400","1.0534","3.4407"
"12.6600","1.0551","3.4435"
"12.6800","1.0569","3.4471"
"12.7000","1.0586","3.4518"
"12.7200","1.0603","3.4564"
"12.7400","1.0619","3.4606"
"12.7600","1.0634","3.4636"
"12.7800","1.0650","3.4662"
"12.8000","1.0668","3.4694"
"12.8200","1.0686","3.4733"
"12.8400","1.0702","3.4773"
"12.8600","1.0719","3.4813"
"12.8800","1.0735","3.4848"
"12.9000","1.0751","3.4879"
"12.9200","1.0767","3.4911"
"12.9400","1.0784","3.4944"
"12.9600","1.0801","3.4980"
"12.9800","1.0817","3.5018"
"13.0000","1.0834","3.5059"
"13.0200","1.0852","3.5096"
"13.0400","1.0868","3.5135"
"13.0600","1.0883","3.5170"
"13.0800","1.0900","3.5202"
"13.1000","1.0918","3.5239"
"13.1200","1.0936","3.5282"
"13.1400","1.0953","3.5327"
"13.1600","1.0969","3.5370"
"13.1800","1.0985","3.5405"
"13.2000","1.1000","3.5439"
"13.2200","1.1017","3.5466"
"13.2400","1.1035","3.5497"
"13.2600","1.1052","3.5535"
"13.2800","1.1069","3.5576"
"13.3000","1.1086","3.5615"
"13.3200","1.1102","3.5653"
"13.3400","1.1118","3.5691"
"13.3600","1.1134","3.5723"
"13.3800","1.1151","3.5756"
"13.4000","1.1168","3.5792"
"13.4200","1.1185","3.5826"
"13.4400","1.1203","3.5860"
"13.4600","1.1220","3.5905"
"13.4800","1.1234","3.5947"
"13.5000","1.1250","3.5974"
"13.5200","1.1267","3.6002"
"13.5400","1.1286","3.6037"
"13.5600","1.1302","3.6080"
"13.5800","1.1320","3.6125"
"13.6000","1.1336","3.6166"
"13.6200","1.1351","3.6199"
"13.6400","1.1366","3.6227"
"13.6600","1.1384","3.6254"
"13.6800","1.1402","3.6292"
"13.7000","1.1419","3.6333"
"13.7200","1.1436","3.6371"
"13.7400","1.1452","3.6407"
"13.7600","1.1468","3.6448"
"13.7800","1.1484","3.6481"
"13.8000","1.1501","3.6512"
"13.8200","1.1518","3.6547"
"13.8400","1.1535","3.6586"
"13.8600","1.1552","3.6623"
"13.8800","1.1570","3.6662"
"13.9000","1.1586","3.6700"
"13.9200","1.1600","3.6735"
"13.9400","1.1617","3.6760"
"13.9600","1.1635","3.6791"
"13.9800","1.1653","3.6828"
"14.0000","1.1669","3.6870"
"14.0200","1.1686","3.6912"
"14.0400","1.1702","3.6947"
"14.0600","1.1717","3.6976"
"14.0800","1.1734","3.7001"
"14.1000","1.1751","3.7034"
"14.1200","1.1769","3.7076"
"14.1400","1.1785","3.7120"
"14.1600","1.1802","3.7155"
"14.1800","1.1819","3.7195"
"14.2000","1.1835","3.7232"
"14.2200","1.1852","3.7262"
"14.2400","1.1868","3.7292"
"14.2600","1.1885","3.7326"
"14.2800","1.1902","3.7361"
"14.3000","1.1919","3.7401"
"14.3200","1.1936","3.7444"
"14.3400","1.1951","3.7478"
"14.3600","1.1967","3.7508"
"14.3800","1.1984","3.7535"
"14.4000","1.2002","3.7571"
"14.4200","1.2019","3.7614"
"14.4400","1.2036","3.7656"
"14.4600","1.2052","3.7692"
"14.4800","1.2067","3.7724"
"14.5000","1.2084","3.7749"
"14.5200","1.2102","3.7780"
"14.5400","1.2119","3.7819"
"14.5600","1.2136","3.7861"
"14.5800","1.2152","3.7897"
"14.6000","1.2169","3.7931"
"14.6200","1.2185","3.7967"
"14.6400","1.2201","3.7999"
"14.6600","1.2217","3.8027"
"14.6800","1.2234","3.8057"
"14.7000","1.2251","3.8092"
"14.7200","1.2269","3.8126"
"14.7400","1.2286","3.8161"
"14.7600","1.2301","3.8196"
"14.7800","1.2317","3.8226"
"14.8000","1.2334","3.8254"
"14.8200","1.2351","3.8282"
"14.8400","1.2369","3.8319"
"14.8600","1.2386","3.8360"
"14.8800","1.2402","3.8398"
"14.9000","1.2418","3.8432"
"14.9200","1.2434","3.8462"
"14.9400","1.2452","3.8490"
"14.9600","1.2469","3.8525"
"14.9800","1.2486","3.8563"
"15.0000","1.2502","3.8599"
"15.0200","1.2519","3.8629"
"15.0400","1.2536","3.8656"
"15.0600","1.2552","3.8682"
"15.0800","1.2569","3.8709"
"15.1000","1.2586","3.8740"
"15.1200","1.2602","3.8769"
"15.1400","1.2619","3.8800"
"15.1600","1.2636","3.8832"
"15.1800","1.2652","3.8867"
"15.2000","1.2667","3.8897"
"15.2200","1.2683","3.8920"
"15.2400","1.2701","3.8945"
"15.2600","1.2719","3.8978"
"15.2800","1.2736","3.9015"
"15.3000","1.2752","3.9052"
"15.3200","1.2768","3.9083"
"15.3400","1.2784","3.9110"
"15.3600","1.2801","3.9138"
"15.3800","1.2818","3.9169"
"15.4000","1.2836","3.9207"
"15.4200","1.2852","3.9242"
"15.4400","1.2869","3.9274"
"15.4600","1.2886","3.9305"
"15.4800","1.2902","3.9337"
"15.5000","1.2918","3.9369"
"15.5200","1.2936","3.9401"
"15.5400","1.2952","3.9437"
"15.5600","1.2969","3.9468"
"15.5800","1.2986","3.9499"
"15.6000","1.3002","3.9534"
"15.6200","1.3017","3.9569"
"15.6400","1.3033","3.9595"
"15.6600","1.3051","3.9619"
"15.6800","1.3068","3.9652"
"15.7000","1.3086","3.9693"
"15.7200","1.3102","3.9732"
"15.7400","1.3118","3.9770"
"15.7600","1.3134","3.9799"
"15.7800","1.3149","3.9825"
"15.8000","1.3167","3.9851"
"15.8200","1.3185","3.9888"
"15.8400","1.3202","3.9932"
"15.8600","1.3219","3.9970"
"15.8800","1.3236","4.0005"
"15.9000","1.3252","4.0040"
"15.9200","1.3267","4.0075"
"15.9400","1.3285","4.0107"
"15.9600","1.3302","4.0141"
"15.9800","1.3319","4.0179"
"16.0000","1.3336","4.0217"
"16.0200","1.3353","4.0252"
"16.0400","1.3369","4.0288"
"16.0600","1.3384","4.0320"
"16.0800","1.3401","4.0341"
"16.1000","1.3418","4.0372"
"16.1200","1.3436","4.0414"
"16.1400","1.3452","4.0456"
"16.1600","1.3469","4.0494"
"16.1800","1.3484","4.0528"
"16.2000","1.3499","4.0559"
"16.2200","1.3517","4.0589"
"16.2400","1.3534","4.0628"
"16.2600","1.3552","4.0671"
"16.2800","1.3569","4.0716"
"16.3000","1.3586","4.0752"
"16.3200","1.3602","4.0789"
"16.3400","1.3618","4.0828"
"16.3600","1.3634","4.0860"
"16.3800","1.3651","4.0894"
"16.4000","1.3669","4.0929"
"16.4200","1.3686","4.0964"
"16.4400","1.3704","4.1002"
"16.4600","1.3721","4.1044"
"16.4800","1.3735","4.1080"
"16.5000","1.3751","4.1107"
"16.5200","1.3768","4.1131"
"16.5400","1.3786","4.1163"
"16.5600","1.3803","4.1204"
"16.5800","1.3820","4.1246"
"16.6000","1.3836","4.1282"
"16.6200","1.3851","4.1309"
"16.6400","1.3866","4.1330"
"16.6600","1.3884","4.1355"
"16.6800","1.3902","4.1394"
"16.7000","1.3919","4.1436"
"16.7200","1.3936","4.1473"
"16.7400","1.3952","4.1508"
"16.7600","1.3968","4.1537"
"16.7800","1.3984","4.1568"
"16.8000","1.4001","4.1598"
"16.8200","1.4017","4.1632"
"16.8400","1.4035","4.1670"
"16.8600","1.4052","4.1708"
"16.8800","1.4069","4.1742"
"16.9000","1.4085","4.1781"
"16.9200","1.4100","4.1811"
"16.9400","1.4117","4.1832"
"16.9600","1.4134","4.1864"
"16.9800","1.4152","4.1898"
"17.0000","1.4169","4.1941"
"17.0200","1.4186","4.1982"
"17.0400","1.4202","4.2018"
"17.0600","1.4217","4.2048"
"17.0800","1.4235","4.2074"
"17.1000","1.4252","4.2106"
"17.1200","1.4269","4.2142"
"17.1400","1.4286","4.2181"
"17.1600","1.4303","4.2218"
"17.1800","1.4320","4.2250"
"17.2000","1.4336","4.2284"
"17.2200","1.4352","4.2312"
"17.2400","1.4368","4.2341"
"17.2600","1.4385","4.2368"
"17.2800","1.4402","4.2401"
"17.3000","1.4419","4.2438"
"17.3200","1.4436","4.2477"
"17.3400","1.4451","4.2513"
"17.3600","1.4467","4.2541"
"17.3800","1.4484","4.2568"
"17.4000","1.4502","4.2601"
"17.4200","1.4519","4.2643"
"17.4400","1.4536","4.2684"
"17.4600","1.4552","4.2719"
"17.4800","1.4568","4.2751"
"17.5000","1.4584","4.2777"
"17.5200","1.4602","4.2804"
"17.5400","1.4619","4.2842"
"17.5600","1.4636","4.2882"
"17.5800","1.4652","4.2915"
"17.6000","1.4669","4.2948"
"17.6200","1.4686","4.2982"
"17.6400","1.4701","4.3014"
"17.6600","1.4718","4.3044"
"17.6800","1.4734","4.3074"
"17.7000","1.4752","4.3104"
"17.7200","1.4769","4.3141"
"17.7400","1.4786","4.3181"
"17.7600","1.4802","4.3217"
"17.7800","1.4817","4.3247"
"17.8000","1.4834","4.3274"
"17.8200","1.4851","4.3305"
"17.8400","1.4869","4.3347"
"17.8600","1.4886","4.3385"
"17.8800","1.4902","4.3419"
"17.9000","1.4917","4.3447"
"17.9200","1.4934","4.3477"
"17.9400","1.4951","4.3505"
"17.9600","1.4969","4.3541"
"17.9800","1.4986","4.3584"
"18.0000","1.5002","4.3622"
"18.0200","1.5019","4.3657"
"18.0400","1.5036","4.3689"
"18.0600","1.5051","4.3719"
"18.0800","1.5068","4.3751"
"18.1000","1.5085","4.3787"
"18.1200","1.5102","4.3820"
"18.1400","1.5119","4.3856"
"18.1600","1.5136","4.3897"
"18.1800","1.5152","4.3937"
"18.2000","1.5168","4.3971"
"18.2200","1.5184","4.3996"
"18.2400","1.5201","4.4022"
"18.2600","1.5219","4.4055"
"18.2800","1.5236","4.4096"
"18.3000","1.5252","4.4130"
"18.3200","1.5268","4.4166"
"18.3400","1.5284","4.4198"
"18.3600","1.5301","4.4227"
"18.3800","1.5318","4.4259"
"18.4000","1.5336","4.4295"
"18.4200","1.5352","4.4333"
"18.4400","1.5369","4.4368"
"18.4600","1.5385","4.4401"
"18.4800","1.5401","4.4432"
"18.5000","1.5417","4.4463"
"18.5200","1.5435","4.4498"
"18.5400","1.5452","4.4535"
"18.5600","1.5469","4.4572"
"18.5800","1.5486","4.4607"
"18.6000","1.5503","4.4647"
"18.6200","1.5518","4.4683"
"18.6400","1.5534","4.4712"
"18.6600","1.5551","4.4737"
"18.6800","1.5569","4.4772"
"18.7000","1.5586","4.4810"
"18.7200","1.5603","4.4854"
"18.7400","1.5619","4.4892"
"18.7600","1.5634","4.4921"
"18.7800","1.5650","4.4944"
"18.8000","1.5667","4.4974"
"18.8200","1.5686","4.5012"
"18.8400","1.5702","4.5053"
"18.8600","1.5719","4.5092"
"18.8800","1.5735","4.5132"
"18.9000","1.5751","4.5161"
"18.9200","1.5767","4.5190"
"18.9400","1.5784","4.5217"
"18.9600","1.5801","4.5250"
"18.9800","1.5818","4.5290"
"19.0000","1.5834","4.5326"
"19.0200","1.5852","4.5360"
"19.0400","1.5868","4.5392"
"19.0600","1.5883","4.5420"
"19.0800","1.5900","4.5449"
"19.1000","1.5917","4.5483"
"19.1200","1.5936","4.5521"
"19.1400","1.5952","4.5561"
"19.1600","1.5969","4.5601"
"19.1800","1.5985","4.5639"
"19.2000","1.6000","4.5668"
"19.2200","1.6017","4.5690"
"19.2400","1.6035","4.5724"
"19.2600","1.6052","4.5764"
"19.2800","1.6069","4.5804"
"19.3000","1.6086","4.5839"
"19.3200","1.6102","4.5870"
"19.3400","1.6117","4.5902"
"19.3600","1.6134","4.5933"
"19.3800","1.6151","4.5961"
"19.4000","1.6168","4.5998"
"19.4200","1.6185","4.6036"
"19.4400","1.6203","4.6076"
"19.4600","1.6219","4.6115"
"19.4800","1.6234","4.6154"
"19.5000","1.6250","4.6181"
"19.5200","1.6267","4.6205"
"19.5400","1.6285","4.6236"
"19.5600","1.6302","4.6274"
"19.5800","1.6319","4.6315"
"19.6000","1.6336","4.6355"
"19.6200","1.6351","4.6385"
"19.6400","1.6367","4.6412"
"19.6600","1.6385","4.6440"
"19.6800","1.6403","4.6478"
"19.7000","1.6419","4.6521"
"19.7200","1.6436","4.6557"
"19.7400","1.6452","4.6586"
"19.7600","1.6469","4.6616"
"19.7800","1.6484","4.6646"
"19.8000","1.6501","4.6673"
"19.8200","1.6518","4.6705"
"19.8400","1.6535","4.6740"
"19.8600","1.6551","4.6773"
"19.8800","1.6569","4.6810"
"19.9000","1.6584","4.6847"
"19.9200","1.6599","4.6875"
"19.9400","1.6616","4.6899"
"19.9600","1.6633","4.6932"
"19.9800","1.6652","4.6971"
"20.0000","1.6669","4.7018"
"20.0200","1.6686","4.7060"
"20.0400","1.6702","4.7096"
"20.0600","1.6717","4.7124"
"20.0800","1.6734","4.7148"
"20.1000","1.6752","4.7180"
"20.1200","1.6769","4.7221"
"20.1400","1.6785","4.7261"
"20.1600","1.6802","4.7295"
"20.1800","1.6819","4.7327"
"20.2000","1.6835","4.7361"
"20.2200","1.6852","4.7393"
"20.2400","1.6868","4.7423"
"20.2600","1.6886","4.7456"
"20.2800","1.6902","4.7487"
"20.3000","1.6920","4.7521"
"20.3200","1.6937","4.7562"
"20.3400","1.6952","4.7597"
"20.3600","1.6967","4.7625"
"20.3800","1.6984","4.7648"
"20.4000","1.7002","4.7679"
"20.4200","1.7019","4.7720"
"20.4400","1.7036","4.7760"
"20.4600","1.7052","4.7792"
"20.4800","1.7067","4.7822"
"20.5000","1.7083","4.7849"
"20.5200","1.7101","4.7878"
"20.5400","1.7119","4.7916"
"20.5600","1.7135","4.7960"
"20.5800","1.7152","4.7995"
"20.6000","1.7169","4.8029"
"20.6200","1.7186","4.8061"
"20.6400","1.7201","4.8097"
"20.6600","1.7218","4.8128"
"20.6800","1.7235","4.8162"
"20.7000","1.7252","4.8197"
"20.7200","1.7269","4.8234"
"20.7400","1.7286","4.8274"
"20.7600","1.7302","4.8311"
"20.7800","1.7318","4.8342"
"20.8000","1.7335","4.8366"
"20.8200","1.7352","4.8396"
"20.8400","1.7370","4.8436"
"20.8600","1.7387","4.8476"
"20.8800","1.7403","4.8515"
"20.9000","1.7419","4.8543"
"20.9200","1.7434","4.8568"
"20.9400","1.7451","4.8591"
"20.9600","1.7469","4.8626"
"20.9800","1.7486","4.8671"
"21.0000","1.7502","4.8708"
"21.0200","1.7518","4.8737"
"21.0400","1.7534","4.8772"
"21.0600","1.7551","4.8800"
"21.0800","1.7567","4.8832"
"21.1000","1.7584","4.8868"
"21.1200","1.7601","4.8906"
"21.1400","1.7618","4.8944"
"21.1600","1.7636","4.8980"
"21.1800","1.7652","4.9014"
"21.2000","1.7667","4.9047"
"21.2200","1.7684","4.9079"
"21.2400","1.7701","4.9109"
"21.2600","1.7719","4.9145"
"21.2800","1.7736","4.9185"
"21.3000","1.7752","4.9224"
"21.3200","1.7768","4.9256"
"21.3400","1.7784","4.9287"
"21.3600","1.7801","4.9315"
"21.3800","1.7819","4.9345"
"21.4000","1.7836","4.9383"
"21.4200","1.7852","4.9426"
"21.4400","1.7869","4.9462"
"21.4600","1.7885","4.9491"
"21.4800","1.7901","4.9522"
"21.5000","1.7917","4.9551"
"21.5200","1.7934","4.9582"
"21.5400","1.7952","4.9616"
"21.5600","1.7968","4.9653"
"21.5800","1.7986","4.9692"
"21.6000","1.8002","4.9729"
"21.6200","1.8017","4.9763"
"21.6400","1.8033","4.9793"
"21.6600","1.8051","4.9819"
"21.6800","1.8069","4.9852"
"21.7000","1.8086","4.9891"
"21.7200","1.8103","4.9936"
"21.7400","1.8119","4.9975"
"21.7600","1.8134","5.0005"
"21.7800","1.8150","5.0028"
"21.8000","1.8168","5.0056"
"21.8200","1.8186","5.0095"
"21.8400","1.8203","5.0143"
"21.8600","1.8220","5.0182"
"21.8800","1.8236","5.0215"
"21.9000","1.8252","5.0246"
"21.9200","1.8267","5.0271"
"21.9400","1.8285","5.0301"
"21.9600","1.8302","5.0338"
"21.9800","1.8319","5.0374"
"22.0000","1.8335","5.0406"
"22.0200","1.8352","5.0434"
"22.0400","1.8368","5.0468"
"22.0600","1.8383","5.0503"
"22.0800","1.8399","5.0528"
"22.1000","1.8417","5.0555"
"22.1200","1.8435","5.0594"
"22.1400","1.8452","5.0636"
"22.1600","1.8469","5.0676"
"22.1800","1.8484","5.0709"
"22.2000","1.8499","5.0738"
"22.2200","1.8516","5.0762"
"22.2400","1.8534","5.0796"
"22.2600","1.8552","5.0839"
"22.2800","1.8569","5.0884"
"22.3000","1.8586","5.0922"
"22.3200","1.8602","5.0959"
"22.3400","1.8618","5.0993"
"22.3600","1.8635","5.1019"
"22.3800","1.8652","5.1045"
"22.4000","1.8669","5.1077"
"22.4200","1.8686","5.1114"
"22.4400","1.8703","5.1152"
"22.4600","1.8720","5.1191"
"22.4800","1.8735","5.1228"
"22.5000","1.8750","5.1252"
"22.5200","1.8767","5.1278"
"22.5400","1.8785","5.1313"
"22.5600","1.8802","5.1350"
"22.5800","1.8819","5.1389"
"22.6000","1.8836","5.1428"
"22.6200","1.8851","5.1460"
"22.6400","1.8866","5.1487"
"22.6600","1.8884","5.1514"
"22.6800","1.8902","5.1548"
"22.7000","1.8918","5.1588"
"22.7200","1.8935","5.1622"
"22.7400","1.8951","5.1651"
"22.7600","1.8967","5.1684"
"22.7800","1.8982","5.1715"
"22.8000","1.9000","5.1744"
"22.8200","1.9017","5.1778"
"22.8400","1.9034","5.1814"
"22.8600","1.9052","5.1854"
"22.8800","1.9069","5.1895"
"22.9000","1.9085","5.1931"
"22.9200","1.9100","5.1962"
"22.9400","1.9117","5.1987"
"22.9600","1.9134","5.2016"
"22.9800","1.9152","5.2054"
"23.0000","1.9169","5.2098"
"23.0200","1.9186","5.2137"
"23.0400","1.9202","5.2170"
"23.0600","1.9217","5.2199"
"23.0800","1.9234","5.2224"
"23.1000","1.9252","5.2254"
"23.1200","1.9269","5.2294"
"23.1400","1.9286","5.2338"
"23.1600","1.9302","5.2376"
"23.1800","1.9319","5.2408"
"23.2000","1.9335","5.2441"
"23.2200","1.9351","5.2472"
"23.2400","1.9367","5.2499"
"23.2600","1.9384","5.2529"
"23.2800","1.9401","5.2566"
"23.3000","1.9419","5.2606"
"23.3200","1.9436","5.2644"
"23.3400","1.9451","5.2676"
"23.3600","1.9467","5.2706"
"23.3800","1.9484","5.2734"
"23.4000","1.9502","5.2767"
"23.4200","1.9519","5.2807"
"23.4400","1.9536","5.2846"
"23.4600","1.9552","5.2886"
"23.4800","1.9568","5.2915"
"23.5000","1.9584","5.2938"
"23.5200","1.9601","5.2964"
"23.5400","1.9619","5.3000"
"23.5600","1.9635","5.3039"
"23.5800","1.9652","5.3073"
"23.6000","1.9669","5.3107"
"23.6200","1.9685","5.3141"
"23.6400","1.9701","5.3177"
"23.6600","1.9717","5.3209"
"23.6800","1.9734","5.3243"
"23.7000","1.9752","5.3280"
"23.7200","1.9769","5.3319"
"23.7400","1.9786","5.3360"
"23.7600","1.9802","5.3397"
"23.7800","1.9817","5.3427"
"23.8000","1.9835","5.3456"
"23.8200","1.9852","5.3490"
"23.8400","1.9870","5.3535"
"23.8600","1.9887","5.3578"
"23.8800","1.9902","5.3615"
"23.9000","1.9919","5.3647"
"23.9200","1.9934","5.3670"
"23.9400","1.9952","5.3697"
"23.9600","1.9969","5.3736"
"23.9800","1.9986","5.3778"
"24.0000","2.0002","5.3816"
"24.0200","2.0019","5.3853"
"24.0400","2.0036","5.3884"
"24.0600","2.0052","5.3912"
"24.0800","2.0069","5.3942"
"24.1000","2.0086","5.3978"
"24.1200","2.0102","5.4012"
"24.1400","2.0119","5.4048"
"24.1600","2.0136","5.4078"
"24.1800","2.0152","5.4112"
"24.2000","2.0167","5.4146"
"24.2200","2.0184","5.4174"
"24.2400","2.0201","5.4203"
"24.2600","2.0219","5.4236"
"24.2800","2.0236","5.4278"
"24.3000","2.0252","5.4319"
"24.3200","2.0268","5.4355"
"24.3400","2.0284","5.4385"
"24.3600","2.0300","5.4413"
"24.3800","2.0318","5.4446"
"24.4000","2.0336","5.4485"
"24.4200","2.0352","5.4523"
"24.4400","2.0369","5.4557"
"24.4600","2.0385","5.4592"
"24.4800","2.0401","5.4628"
"24.5000","2.0417","5.4658"
"24.5200","2.0435","5.4689"
"24.5400","2.0452","5.4725"
"24.5600","2.0469","5.4762"
"24.5800","2.0487","5.4799"
"24.6000","2.0503","5.4836"
"24.6200","2.0518","5.4869"
"24.6400","2.0534","5.4895"
"24.6600","2.0551","5.4920"
"24.6800","2.0569","5.4955"
"24.7000","2.0586","5.4997"
"24.7200","2.0603","5.5038"
"24.7400","2.0619","5.5072"
"24.7600","2.0634","5.5098"
"24.7800","2.0649","5.5124"
"24.8000","2.0667","5.5153"
"24.8200","2.0686","5.5187"
"24.8400","2.0702","5.5230"
"24.8600","2.0719","5.5267"
"24.8800","2.0735","5.5302"
"24.9000","2.0751","5.5334"
"24.9200","2.0767","5.5366"
"24.9400","2.0784","5.5397"
"24.9600","2.0802","5.5430"
"24.9800","2.0819","5.5463"
"25.0000","2.0836","5.5499"
"25.0200","2.0853","5.5539"
"25.0400","2.0869","5.5578"
"25.0600","2.0884","5.5607"
"25.0800","2.0901","5.5627"
"25.1000","2.0918","5.5655"
"25.1200","2.0936","5.5696"
"25.1400","2.0953","5.5736"
"25.1600","2.0969","5.5770"
"25.1800","2.0984","5.5802"
"25.2000","2.0999","5.5829"
"25.2200","2.1016","5.5852"
"25.2400","2.1034","5.5884"
"25.2600","2.1052","5.5921"
"25.2800","2.1068","5.5962"
"25.3000","2.1086","5.6000"
"25.3200","2.1102","5.6032"
"25.3400","2.1117","5.6061"
"25.3600","2.1134","5.6088"
"25.3800","2.1151","5.6117"
"25.4000","2.1167","5.6152"
"25.4200","2.1185","5.6191"
"25.4400","2.1202","5.6230"
"25.4600","2.1219","5.6271"
"25.4800","2.1234","5.6308"
"25.5000","2.1250","5.6332"
"25.5200","2.1267","5.6357"
"25.5400","2.1285","5.6389"
"25.5600","2.1302","5.6428"
"25.5800","2.1320","5.6471"
"25.6000","2.1336","5.6508"
"25.6200","2.1351","5.6537"
"25.6400","2.1367","5.6563"
"25.6600","2.1385","5.6585"
"25.6800","2.1402","5.6621"
"25.7000","2.1419","5.6663"
"25.7200","2.1436","5.6701"
"25.7400","2.1452","5.6733"
"25.7600","2.1468","5.6761"
"25.7800","2.1484","5.6791"
"25.8000","2.1501","5.6818"
"25.8200","2.1517","5.6850"
"25.8400","2.1534","5.6886"
"25.8600","2.1552","5.6924"
"25.8800","2.1569","5.6962"
"25.9000","2.1584","5.6997"
"25.9200","2.1599","5.7024"
"25.9400","2.1616","5.7046"
"25.9600","2.1633","5.7076"
"25.9800","2.1652","5.7116"
"26.0000","2.1669","5.7160"
"26.0200","2.1686","5.7203"
"26.0400","2.1702","5.7236"
"26.0600","2.1717","5.7263"
"26.0800","2.1734","5.7290"
"26.1000","2.1752","5.7323"
"26.1200","2.1769","5.7362"
"26.1400","2.1786","5.7404"
"26.1600","2.1802","5.7441"
"26.1800","2.1820","5.7476"
"26.2000","2.1836","5.7514"
"26.2200","2.1852","5.7540"
"26.2400","2.1868","5.7569"
"26.2600","2.1886","5.7602"
"26.2800","2.1902","5.7638"
"26.3000","2.1920","5.7675"
"26.3200","2.1936","5.7717"
"26.3400","2.1951","5.7748"
"26.3600","2.1967","5.7770"
"26.3800","2.1984","5.7797"
"26.4000","2.2002","5.7831"
"26.4200","2.2019","5.7872"
"26.4400","2.2036","5.7909"
"26.4600","2.2051","5.7941"
"26.4800","2.2067","5.7971"
"26.5000","2.2084","5.8000"
"26.5200","2.2101","5.8029"
"26.5400","2.2119","5.8069"
"26.5600","2.2136","5.8109"
"26.5800","2.2152","5.8144"
"26.6000","2.2169","5.8179"
"26.6200","2.2186","5.8214"
"26.6400","2.2201","5.8246"
"26.6600","2.2218","5.8276"
"26.6800","2.2235","5.8311"
"26.7000","2.2252","5.8348"
"26.7200","2.2269","5.8382"
"26.7400","2.2286","5.8420"
"26.7600","2.2302","5.8454"
"26.7800","2.2317","5.8483"
"26.8000","2.2334","5.8508"
"26.8200","2.2351","5.8544"
"26.8400","2.2369","5.8586"
"26.8600","2.2386","5.8627"
"26.8800","2.2402","5.8666"
"26.9000","2.2418","5.8696"
"26.9200","2.2434","5.8722"
"26.9400","2.2452","5.8752"
"26.9600","2.2470","5.8790"
"26.9800","2.2486","5.8831"
"27.0000","2.2502","5.8868"
"27.0200","2.2519","5.8902"
"27.0400","2.2536","5.8931"
"27.0600","2.2551","5.8961"
"27.0800","2.2568","5.8993"
"27.1000","2.2585","5.9025"
"27.1200","2.2602","5.9063"
"27.1400","2.2619","5.9101"
"27.1600","2.2637","5.9137"
"27.1800","2.2652","5.9175"
"27.2000","2.2667","5.9205"
"27.2200","2.2684","5.9226"
"27.2400","2.2701","5.9254"
"27.2600","2.2719","5.9292"
"27.2800","2.2736","5.9332"
"27.3000","2.2752","5.9368"
"27.3200","2.2768","5.9400"
"27.3400","2.2784","5.9430"
"27.3600","2.2800","5.9457"
"27.3800","2.2818","5.9487"
"27.4000","2.2835","5.9524"
"27.4200","2.2851","5.9565"
"27.4400","2.2868","5.9600"
"27.4600","2.2884","5.9635"
"27.4800","2.2901","5.9669"
"27.5000","2.2917","5.9703"
"27.5200","2.2934","5.9733"
"27.5400","2.2952","5.9770"
"27.5600","2.2969","5.9804"
"27.5800","2.2986","5.9838"
"27.6000","2.3002","5.9876"
"27.6200","2.3018","5.9913"
"27.6400","2.3033","5.9942"
"27.6600","2.3051","5.9963"
"27.6800","2.3069","5.9996"
"27.7000","2.3087","6.0040"
"27.7200","2.3103","6.0082"
"27.7400","2.3119","6.0116"
"27.7600","2.3134","6.0141"
"27.7800","2.3150","6.0165"
"27.8000","2.3169","6.0192"
"27.8200","2.3186","6.0228"
"27.8400","2.3203","6.0273"
"27.8600","2.3219","6.0309"
"27.8800","2.3236","6.0339"
"27.9000","2.3252","6.0365"
"27.9200","2.3267","6.0392"
"27.9400","2.3284","6.0420"
"27.9600","2.3301","6.0452"
"27.9800","2.3318","6.0487"
"28.0000","2.3335","6.0523"
"28.0200","2.3352","6.0561"
"28.0400","2.3368","6.0600"
"28.0600","2.3383","6.0629"
"28.0800","2.3400","6.0654"
"28.1000","2.3418","6.0685"
"28.1200","2.3436","6.0723"
"28.1400","2.3452","6.0764"
"28.1600","2.3469","6.0805"
"28.1800","2.3485","6.0838"
"28.2000","2.3500","6.0860"
"28.2200","2.3517","6.0885"
"28.2400","2.3535","6.0920"
"28.2600","2.3553","6.0957"
"28.2800","2.3569","6.0996"
"28.3000","2.3586","6.1027"
"28.3200","2.3602","6.1058"
"28.3400","2.3617","6.1090"
"28.3600","2.3634","6.1115"
"28.3800","2.3651","6.1143"
"28.4000","2.3668","6.1176"
"28.4200","2.3685","6.1212"
"28.4400","2.3702","6.1246"
"28.4600","2.3719","6.1284"
"28.4800","2.3734","6.1320"
"28.5000","2.3749","6.1343"
"28.5200","2.3767","6.1366"
"28.5400","2.3785","6.1397"
"28.5600","2.3802","6.1436"
"28.5800","2.3819","6.1477"
"28.6000","2.3836","6.1515"
"28.6200","2.3851","6.1546"
"28.6400","2.3866","6.1567"
"28.6600","2.3885","6.1594"
"28.6800","2.3902","6.1631"
"28.7000","2.3919","6.1670"
"28.7200","2.3936","6.1706"
"28.7400","2.3952","6.1742"
"28.7600","2.3968","6.1773"
"28.7800","2.3984","6.1801"
"28.8000","2.4001","6.1826"
"28.8200","2.4017","6.1858"
"28.8400","2.4035","6.1893"
"28.8600","2.4052","6.1930"
"28.8800","2.4069","6.1967"
"28.9000","2.4085","6.2004"
"28.9200","2.4100","6.2034"
"28.9400","2.4117","6.2054"
"28.9600","2.4134","6.2079"
"28.9800","2.4152","6.2117"
"29.0000","2.4169","6.2154"
"29.0200","2.4186","6.2194"
"29.0400","2.4202","6.2230"
"29.0600","2.4217","6.2255"
"29.0800","2.4234","6.2276"
"29.1000","2.4251","6.2303"
"29.1200","2.4268","6.2339"
"29.1400","2.4284","6.2379"
"29.1600","2.4302","6.2412"
"29.1800","2.4319","6.2446"
"29.2000","2.4334","6.2480"
"29.2200","2.4351","6.2509"
"29.2400","2.4368","6.2539"
"29.2600","2.4386","6.2571"
"29.2800","2.4402","6.2607"
"29.3000","2.4421","6.2644"
"29.3200","2.4437","6.2683"
"29.3400","2.4452","6.2718"
"29.3600","2.4467","6.2743"
"29.3800","2.4484","6.2764"
"29.4000","2.4502","6.2791"
"29.4200","2.4519","6.2827"
"29.4400","2.4536","6.2866"
"29.4600","2.4552","6.2901"
"29.4800","2.4567","6.2927"
"29.5000","2.4582","6.2951"
"29.5200","2.4601","6.2977"
"29.5400","2.4618","6.3011"
"29.5600","2.4635","6.3052"
"29.5800","2.4652","6.3085"
"29.6000","2.4669","6.3117"
"29.6200","2.4685","6.3151"
"29.6400","2.4701","6.3184"
"29.6600","2.4717","6.3211"
"29.6800","2.4734","6.3243"
"29.7000","2.4752","6.3278"
"29.7200","2.4769","6.3312"
"29.7400","2.4786","6.3352"
"29.7600","2.4801","6.3386"
"29.7800","2.4817","6.3412"
"29.8000","2.4834","6.3437"
"29.8200","2.4852","6.3469"
"29.8400","2.4869","6.3507"
"29.8600","2.4886","6.3544"
"29.8800","2.4902","6.3578"
"29.9000","2.4918","6.3606"
"29.9200","2.4934","6.3631"
"29.9400","2.4952","6.3656"
"29.9600","2.4969","6.3692"
"29.9800","2.4986","6.3731"
"30.0000","2.5002","6.3766"
"30.0200","2.5019","6.3798"
"30.0400","2.5036","6.3827"
"30.0600","2.5051","6.3855"
"30.0800","2.5068","6.3881"
"30.1000","2.5085","6.3912"
"30.1200","2.5102","6.3947"
"30.1400","2.5119","6.3981"
"30.1600","2.5136","6.4014"
"30.1800","2.5152","6.4049"
"30.2000","2.5167","6.4078"
"30.2200","2.5183","6.4101"
"30.2400","2.5201","6.4129"
"30.2600","2.5219","6.4162"
"30.2800","2.5236","6.4196"
"30.3000","2.5252","6.4230"
"30.3200","2.5268","6.4263"
"30.3400","2.5284","6.4292"
"30.3600","2.5301","6.4318"
"30.3800","2.5319","6.4350"
"30.4000","2.5336","6.4388"
"30.4200","2.5352","6.4424"
"30.4400","2.5369","6.4455"
"30.4600","2.5386","6.4483"
"30.4800","2.5401","6.4512"
"30.5000","2.5417","6.4539"
"30.5200","2.5435","6.4572"
"30.5400","2.5452","6.4604"
"30.5600","2.5469","6.4638"
"30.5800","2.5486","6.4672"
"30.6000","2.5502","6.4709"
"30.6200","2.5518","6.4743"
"30.6400","2.5533","6.4769"
"30.6600","2.5551","6.4792"
"30.6800","2.5569","6.4827"
"30.7000","2.5586","6.4867"
"30.7200","2.5603","6.4907"
"30.7400","2.5619","6.4939"
"30.7600","2.5634","6.4966"
"30.7800","2.5650","6.4989"
"30.8000","2.5668","6.5013"
"30.8200","2.5686","6.5046"
"30.8400","2.5703","6.5088"
"30.8600","2.5719","6.5124"
"30.8800","2.5736","6.5153"
"30.9000","2.5751","6.5180"
"30.9200","2.5767","6.5203"
"30.9400","2.5784","6.5225"
"30.9600","2.5801","6.5259"
"30.9800","2.5819","6.5294"
"31.0000","2.5836","6.5326"
"31.0200","2.5852","6.5360"
"31.0400","2.5869","6.5396"
"31.0600","2.5883","6.5423"
"31.0800","2.5901","6.5443"
"31.1000","2.5918","6.5466"
"31.1200","2.5936","6.5504"
"31.1400","2.5952","6.5543"
"31.1600","2.5969","6.5579"
"31.1800","2.5984","6.5606"
"31.2000","2.5999","6.5629"
"31.2200","2.6016","6.5651"
"31.2400","2.6034","6.5681"
"31.2600","2.6052","6.5718"
"31.2800","2.6069","6.5757"
"31.3000","2.6086","6.5791"
"31.3200","2.6102","6.5822"
"31.3400","2.6117","6.5855"
"31.3600","2.6134","6.5883"
"31.3800","2.6151","6.5909"
"31.4000","2.6169","6.5941"
"31.4200","2.6186","6.5975"
"31.4400","2.6204","6.6011"
"31.4600","2.6220","6.6049"
"31.4800","2.6235","6.6083"
"31.5000","2.6250","6.6102"
"31.5200","2.6267","6.6120"
"31.5400","2.6285","6.6149"
"31.5600","2.6302","6.6185"
"31.5800","2.6320","6.6223"
"31.6000","2.6336","6.6257"
"31.6200","2.6351","6.6283"
"31.6400","2.6366","6.6303"
"31.6600","2.6384","6.6326"
"31.6800","2.6402","6.6360"
"31.7000","2.6419","6.6397"
"31.7200","2.6435","6.6434"
"31.7400","2.6452","6.6463"
"31.7600","2.6468","6.6487"
"31.7800","2.6483","6.6513"
"31.8000","2.6501","6.6538"
"31.8200","2.6517","6.6567"
"31.8400","2.6535","6.6600"
"31.8600","2.6552","6.6639"
"31.8800","2.6569","6.6675"
"31.9000","2.6585","6.6710"
"31.9200","2.6600","6.6735"
"31.9400","2.6617","6.6755"
"31.9600","2.6634","6.6778"
"31.9800","2.6652","6.6814"
"32.0000","2.6669","6.6855"
"32.0200","2.6686","6.6889"
"32.0400","2.6702","6.6916"
"32.0600","2.6716","6.6943"
"32.0800","2.6734","6.6966"
"32.1000","2.6751","6.6994"
"32.1200","2.6769","6.7030"
"32.1400","2.6786","6.7067"
"32.1600","2.6803","6.7102"
"32.1800","2.6820","6.7138"
"32.2000","2.6836","6.7170"
"32.2200","2.6852","6.7197"
"32.2400","2.6868","6.7220"
"32.2600","2.6886","6.7246"
"32.2800","2.6902","6.7275"
"32.3000","2.6920","6.7309"
"32.3200","2.6936","6.7345"
"32.3400","2.6951","6.7372"
"32.3600","2.6966","6.7387"
"32.3800","2.6983","6.7409"
"32.4000","2.7001","6.7437"
"32.4200","2.7019","6.7475"
"32.4400","2.7036","6.7513"
"32.4600","2.7051","6.7543"
"32.4800","2.7067","6.7571"
"32.5000","2.7083","6.7591"
"32.5200","2.7101","6.7618"
"32.5400","2.7119","6.7652"
"32.5600","2.7135","6.7689"
"32.5800","2.7152","6.7722"
"32.6000","2.7169","6.7751"
"32.6200","2.7186","6.7784"
"32.6400","2.7201","6.7811"
"32.6600","2.7218","6.7838"
"32.6800","2.7235","6.7866"
"32.7000","2.7252","6.7896"
"32.7200","2.7269","6.7929"
"32.7400","2.7286","6.7963"
"32.7600","2.7302","6.7992"
"32.7800","2.7317","6.8018"
"32.8000","2.7334","6.8041"
"32.8200","2.7352","6.8067"
"32.8400","2.7369","6.8100"
"32.8600","2.7386","6.8138"
"32.8800","2.7402","6.8173"
"32.9000","2.7418","6.8200"
"32.9200","2.7434","6.8226"
"32.9400","2.7452","6.8250"
"32.9600","2.7469","6.8285"
"32.9800","2.7487","6.8323"
"33.0000","2.7502","6.8359"
"33.0200","2.7519","6.8385"
"33.0400","2.7536","6.8409"
"33.0600","2.7551","6.8433"
"33.0800","2.7569","6.8462"
"33.1000","2.7586","6.8495"
"33.1200","2.7602","6.8526"
"33.1400","2.7619","6.8556"
"33.1600","2.7637","6.8589"
"33.1800","2.7653","6.8621"
"33.2000","2.7667","6.8652"
"33.2200","2.7684","6.8670"
"33.2400","2.7701","6.8690"
"33.2600","2.7719","6.8720"
"33.2800","2.7736","6.8755"
"33.3000","2.7752","6.8787"
"33.3200","2.7768","6.8818"
"33.3400","2.7783","6.8841"
"33.3600","2.7800","6.8866"
"33.3800","2.7818","6.8891"
"33.4000","2.7835","6.8925"
"33.4200","2.7852","6.8960"
"33.4400","2.7869","6.8992"
"33.4600","2.7885","6.9024"
"33.4800","2.7901","6.9050"
"33.5000","2.7917","6.9080"
"33.5200","2.7934","6.9105"
"33.5400","2.7952","6.9134"
"33.5600","2.7969","6.9165"
"33.5800","2.7986","6.9199"
"33.6000","2.8003","6.9236"
"33.6200","2.8018","6.9268"
"33.6400","2.8034","6.9288"
"33.6600","2.8051","6.9307"
"33.6800","2.8069","6.9339"
"33.7000","2.8087","6.9375"
"33.7200","2.8104","6.9411"
"33.7400","2.8119","6.9442"
"33.7600","2.8134","6.9466"
"33.7800","2.8149","6.9483"
"33.8000","2.8167","6.9502"
"33.8200","2.8185","6.9533"
"33.8400","2.8202","6.9569"
"33.8600","2.8219","6.9602"
"33.8800","2.8235","6.9634"
"33.9000","2.8251","6.9662"
"33.9200","2.8267","6.9687"
"33.9400","2.8284","6.9710"
"33.9600","2.8302","6.9740"
"33.9800","2.8319","6.9773"
"34.0000","2.8336","6.9806"
"34.0200","2.8353","6.9840"
"34.0400","2.8369","6.9875"
"34.0600","2.8384","6.9902"
"34.0800","2.8401","6.9917"
"34.1000","2.8418","6.9938"
"34.1200","2.8436","6.9972"
"34.1400","2.8453","7.0011"
"34.1600","2.8469","7.0045"
"34.1800","2.8485","7.0072"
"34.2000","2.8500","7.0093"
"34.2200","2.8517","7.0111"
"34.2400","2.8535","7.0138"
"34.2600","2.8552","7.0175"
"34.2800","2.8569","7.0215"
"34.3000","2.8586","7.0243"
"34.3200","2.8602","7.0271"
"34.3400","2.8617","7.0300"
"34.3600","2.8634","7.0321"
"34.3800","2.8651","7.0342"
"34.4000","2.8668","7.0372"
"34.4200","2.8685","7.0402"
"34.4400","2.8702","7.0430"
"34.4600","2.8719","7.0465"
"34.4800","2.8734","7.0501"
"34.5000","2.8749","7.0521"
"34.5200","2.8767","7.0539"
"34.5400","2.8785","7.0567"
"34.5600","2.8802","7.0603"
"34.5800","2.8820","7.0641"
"34.6000","2.8836","7.0672"
"34.6200","2.8851","7.0697"
"34.6400","2.8866","7.0714"
"34.6600","2.8884","7.0732"
"34.6800","2.8902","7.0759"
"34.7000","2.8919","7.0797"
"34.7200","2.8936","7.0830"
"34.7400","2.8952","7.0858"
"34.7600","2.8968","7.0882"
"34.7800","2.8984","7.0905"
"34.8000","2.9001","7.0927"
"34.8200","2.9017","7.0953"
"34.8400","2.9035","7.0984"
"34.8600","2.9052","7.1017"
"34.8800","2.9069","7.1049"
"34.9000","2.9085","7.1082"
"34.9200","2.9100","7.1107"
"34.9400","2.9117","7.1121"
"34.9600","2.9134","7.1144"
"34.9800","2.9152","7.1174"
"35.0000","2.9169","7.1214"
"35.0200","2.9186","7.1248"
"35.0400","2.9202","7.1279"
"35.0600","2.9217","7.1300"
"35.0800","2.9234","7.1319"
"35.1000","2.9252","7.1343"
"35.1200","2.9269","7.1375"
"35.1400","2.9286","7.1408"
"35.1600","2.9302","7.1434"
"35.1800","2.9319","7.1462"
"35.2000","2.9335","7.1490"
"35.2200","2.9351","7.1515"
"35.2400","2.9367","7.1540"
"35.2600","2.9384","7.1563"
"35.2800","2.9401","7.1588"
"35.3000","2.9419","7.1618"
"35.3200","2.9436","7.1653"
"35.3400","2.9451","7.1683"
"35.3600","2.9467","7.1705"
"35.3800","2.9484","7.1726"
"35.4000","2.9502","7.1755"
"35.4200","2.9519","7.1787"
"35.4400","2.9536","7.1823"
"35.4600","2.9552","7.1852"
"35.4800","2.9567","7.1875"
"35.5000","2.9583","7.1892"
"35.5200","2.9601","7.1912"
"35.5400","2.9619","7.1945"
"35.5600","2.9635","7.1979"
"35.5800","2.9651","7.2006"
"35.6000","2.9668","7.2031"
"35.6200","2.9684","7.2057"
"35.6400","2.9700","7.2085"
"35.6600","2.9717","7.2110"
"35.6800","2.9734","7.2140"
"35.7000","2.9751","7.2171"
"35.7200","2.9769","7.2202"
"35.7400","2.9786","7.2233"
"35.7600","2.9802","7.2263"
"35.7800","2.9817","7.2290"
"35.8000","2.9834","7.2313"
"35.8200","2.9852","7.2336"
"35.8400","2.9870","7.2370"
"35.8600","2.9887","7.2408"
"35.8800","2.9902","7.2441"
"35.9000","2.9918","7.2465"
"35.9200","2.9933","7.2482"
"35.9400","2.9951","7.2497"
"35.9600","2.9969","7.2525"
"35.9800","2.9986","7.2562"
"36.0000","3.0002","7.2590"
"36.0200","3.0018","7.2616"
"36.0400","3.0035","7.2641"
"36.0600","3.0051","7.2667"
"36.0800","3.0067","7.2693"
"36.1000","3.0084","7.2719"
"36.1200","3.0102","7.2749"
"36.1400","3.0119","7.2782"
"36.1600","3.0136","7.2809"
"36.1800","3.0152","7.2841"
"36.2000","3.0167","7.2868"
"36.2200","3.0184","7.2884"
"36.2400","3.0201","7.2905"
"36.2600","3.0219","7.2935"
"36.2800","3.0236","7.2970"
"36.3000","3.0252","7.3001"
"36.3200","3.0268","7.3028"
"36.3400","3.0284","7.3048"
"36.3600","3.0301","7.3065"
"36.3800","3.0319","7.3089"
"36.4000","3.0336","7.3123"
"36.4200","3.0352","7.3157"
"36.4400","3.0369","7.3183"
"36.4600","3.0385","7.3210"
"36.4800","3.0401","7.3235"
"36.5000","3.0417","7.3261"
"36.5200","3.0434","7.3285"
"36.5400","3.0452","7.3311"
"36.5600","3.0469","7.3343"
"36.5800","3.0486","7.3373"
"36.6000","3.0502","7.3406"
"36.6200","3.0517","7.3435"
"36.6400","3.0533","7.3455"
"36.6600","3.0551","7.3470"
"36.6800","3.0569","7.3496"
"36.7000","3.0587","7.3534"
"36.7200","3.0604","7.3573"
"36.7400","3.0619","7.3606"
"36.7600","3.0634","7.3623"
"36.7800","3.0650","7.3637"
"36.8000","3.0668","7.3654"
"36.8200","3.0686","7.3683"
"36.8400","3.0703","7.3720"
"36.8600","3.0719","7.3753"
"36.8800","3.0736","7.3779"
"36.9000","3.0752","7.3802"
"36.9200","3.0767","7.3822"
"36.9400","3.0785","7.3844"
"36.9600","3.0802","7.3871"
"36.9800","3.0819","7.3897"
"37.0000","3.0835","7.3923"
"37.0200","3.0852","7.3953"
"37.0400","3.0868","7.3982"
"37.0600","3.0882","7.4002"
"37.0800","3.0900","7.4018"
"37.1000","3.0917","7.4040"
"37.1200","3.0936","7.4072"
"37.1400","3.0952","7.4110"
"37.1600","3.0969","7.4142"
"37.1800","3.0985","7.4170"
"37.2000","3.1000","7.4190"
"37.2200","3.1017","7.4207"
"37.2400","3.1035","7.4235"
"37.2600","3.1052","7.4268"
"37.2800","3.1069","7.4303"
"37.3000","3.1086","7.4332"
"37.3200","3.1103","7.4359"
"37.3400","3.1117","7.4384"
"37.3600","3.1134","7.4403"
"37.3800","3.1151","7.4423"
"37.4000","3.1168","7.4447"
"37.4200","3.1186","7.4473"
"37.4400","3.1203","7.4505"
"37.4600","3.1220","7.4539"
"37.4800","3.1234","7.4566"
"37.5000","3.1250","7.4578"
"37.5200","3.1267","7.4594"
"37.5400","3.1285","7.4620"
"37.5600","3.1302","7.4659"
"37.5800","3.1319","7.4696"
"37.6000","3.1336","7.4724"
"37.6200","3.1351","7.4745"
"37.6400","3.1366","7.4760"
"37.6600","3.1384","7.4778"
"37.6800","3.1402","7.4806"
"37.7000","3.1419","7.4840"
"37.7200","3.1435","7.4869"
"37.7400","3.1452","7.4897"
"37.7600","3.1468","7.4924"
"37.7800","3.1484","7.4945"
"37.8000","3.1501","7.4963"
"37.8200","3.1517","7.4988"
"37.8400","3.1535","7.5022"
"37.8600","3.1552","7.5050"
"37.8800","3.1570","7.5081"
"37.9000","3.1586","7.5113"
"37.9200","3.1600","7.5134"
"37.9400","3.1617","7.5146"
"37.9600","3.1635","7.5164"
"37.9800","3.1653","7.5192"
"38.0000","3.1670","7.5230"
"38.0200","3.1686","7.5262"
"38.0400","3.1702","7.5288"
"38.0600","3.1717","7.5306"
"38.0800","3.1734","7.5322"
"38.1000","3.1751","7.5346"
"38.1200","3.1769","7.5375"
"38.1400","3.1785","7.5404"
"38.1600","3.1802","7.5430"
"38.1800","3.1819","7.5460"
"38.2000","3.1835","7.5486"
"38.2200","3.1851","7.5504"
"38.2400","3.1867","7.5526"
"38.2600","3.1884","7.5551"
"38.2800","3.1901","7.5580"
"38.3000","3.1919","7.5608"
"38.3200","3.1936","7.5636"
"38.3400","3.1951","7.5667"
"38.3600","3.1967","7.5685"
"38.3800","3.1984","7.5700"
"38.4000","3.2002","7.5726"
"38.4200","3.2019","7.5757"
"38.4400","3.2036","7.5792"
"38.4600","3.2052","7.5822"
"38.4800","3.2067","7.5846"
"38.5000","3.2084","7.5863"
"38.5200","3.2101","7.5876"
"38.5400","3.2119","7.5903"
"38.5600","3.2135","7.5934"
"38.5800","3.2152","7.5961"
"38.6000","3.2168","7.5987"
"38.6200","3.2185","7.6016"
"38.6400","3.2201","7.6041"
"38.6600","3.2217","7.6061"
"38.6800","3.2234","7.6086"
"38.7000","3.2251","7.6113"
"38.7200","3.2269","7.6143"
"38.7400","3.2286","7.6175"
"38.7600","3.2302","7.6204"
"38.7800","3.2317","7.6226"
"38.8000","3.2334","7.6244"
"38.8200","3.2352","7.6266"
"38.8400","3.2369","7.6299"
"38.8600","3.2386","7.6333"
"38.8800","3.2402","7.6360"
"38.9000","3.2418","7.6385"
"38.9200","3.2434","7.6400"
"38.9400","3.2452","7.6420"
"38.9600","3.2469","7.6447"
"38.9800","3.2487","7.6480"
"39.0000","3.2502","7.6507"
"39.0200","3.2519","7.6531"
"39.0400","3.2536","7.6555"
"39.0600","3.2552","7.6575"
"39.0800","3.2569","7.6598"
"39.1000","3.2585","7.6621"
"39.1200","3.2602","7.6645"
"39.1400","3.2619","7.6672"
"39.1600","3.2636","7.6696"
"39.1800","3.2652","7.6725"
"39.2000","3.2667","7.6750"
"39.2200","3.2683","7.6770"
"39.2400","3.2701","7.6786"
"39.2600","3.2718","7.6811"
"39.2800","3.2735","7.6842"
"39.3000","3.2752","7.6873"
"39.3200","3.2767","7.6900"
"39.3400","3.2784","7.6922"
"39.3600","3.2800","7.6945"
"39.3800","3.2819","7.6970"
"39.4000","3.2836","7.7003"
"39.4200","3.2852","7.7037"
"39.4400","3.2869","7.7065"
"39.4600","3.2886","7.7089"
"39.4800","3.2902","7.7108"
"39.5000","3.2918","7.7127"
"39.5200","3.2935","7.7149"
"39.5400","3.2952","7.7178"
"39.5600","3.2969","7.7204"
"39.5800","3.2987","7.7230"
"39.6000","3.3003","7.7259"
"39.6200","3.3018","7.7286"
"39.6400","3.3033","7.7303"
"39.6600","3.3051","7.7316"
"39.6800","3.3069","7.7341"
"39.7000","3.3087","7.7375"
"39.7200","3.3103","7.7409"
"39.7400","3.3119","7.7436"
"39.7600","3.3134","7.7455"
"39.7800","3.3149","7.7468"
"39.8000","3.3167","7.7485"
"39.8200","3.3186","7.7517"
"39.8400","3.3202","7.7550"
"39.8600","3.3219","7.7580"
"39.8800","3.3235","7.7603"
"39.9000","3.3252","7.7625"
"39.9200","3.3267","7.7651"
"39.9400","3.3285","7.7673"
"39.9600","3.3302","7.7699"
"39.9800","3.3319","7.7728"
"40.0000","3.3336","7.7757"
"40.0200","3.3353","7.7783"
"40.0400","3.3369","7.7811"
"40.0600","3.3383","7.7829"
"40.0800","3.3401","7.7842"
"40.1000","3.3418","7.7860"
"40.1200","3.3436","7.7888"
"40.1400","3.3453","7.7923"
"40.1600","3.3469","7.7956"
"40.1800","3.3485","7.7979"
"40.2000","3.3499","7.7998"
"40.2200","3.3517","7.8009"
"40.2400","3.3535","7.8029"
"40.2600","3.3552","7.8060"
"40.2800","3.3569","7.8093"
"40.3000","3.3586","7.8121"
"40.3200","3.3602","7.8148"
"40.3400","3.3617","7.8170"
"40.3600","3.3634","7.8188"
"40.3800","3.3651","7.8206"
"40.4000","3.3668","7.8228"
"40.4200","3.3686","7.8260"
"40.4400","3.3704","7.8290"
"40.4600","3.3720","7.8320"
"40.4800","3.3735","7.8347"
"40.5000","3.3750","7.8361"
"40.5200","3.3767","7.8375"
"40.5400","3.3785","7.8398"
"40.5600","3.3802","7.8428"
"40.5800","3.3819","7.8461"
"40.6000","3.3836","7.8491"
"40.6200","3.3851","7.8511"
"40.6400","3.3866","7.8524"
"40.6600","3.3884","7.8542"
"40.6800","3.3902","7.8574"
"40.7000","3.3919","7.8605"
"40.7200","3.3936","7.8633"
"40.7400","3.3952","7.8660"
"40.7600","3.3968","7.8683"
"40.7800","3.3984","7.8700"
"40.8000","3.4001","7.8718"
"40.8200","3.4017","7.8741"
"40.8400","3.4035","7.8769"
"40.8600","3.4052","7.8797"
"40.8800","3.4069","7.8824"
"40.9000","3.4086","7.8856"
"40.9200","3.4100","7.8881"
"40.9400","3.4117","7.8894"
"40.9600","3.4134","7.8913"
"40.9800","3.4152","7.8939"
"41.0000","3.4169","7.8970"
"41.0200","3.4186","7.9001"
"41.0400","3.4202","7.9023"
"41.0600","3.4217","7.9042"
"41.0800","3.4234","7.9056"
"41.1000","3.4251","7.9076"
"41.1200","3.4269","7.9102"
"41.1400","3.4286","7.9134"
"41.1600","3.4302","7.9163"
"41.1800","3.4320","7.9191"
"41.2000","3.4336","7.9213"
"41.2200","3.4352","7.9232"
"41.2400","3.4368","7.9253"
"41.2600","3.4386","7.9273"
"41.2800","3.4402","7.9298"
"41.3000","3.4420","7.9329"
"41.3200","3.4436","7.9359"
"41.3400","3.4451","7.9386"
"41.3600","3.4467","7.9403"
"41.3800","3.4484","7.9418"
"41.4000","3.4502","7.9440"
"41.4200","3.4519","7.9472"
"41.4400","3.4536","7.9503"
"41.4600","3.4552","7.9529"
"41.4800","3.4567","7.9552"
"41.5000","3.4583","7.9572"
"41.5200","3.4601","7.9589"
"41.5400","3.4619","7.9615"
"41.5600","3.4636","7.9650"
"41.5800","3.4652","7.9676"
"41.6000","3.4669","7.9702"
"41.6200","3.4686","7.9727"
"41.6400","3.4701","7.9749"
"41.6600","3.4718","7.9768"
"41.6800","3.4735","7.9789"
"41.7000","3.4752","7.9814"
"41.7200","3.4769","7.9841"
"41.7400","3.4786","7.9872"
"41.7600","3.4802","7.9900"
"41.7800","3.4817","7.9919"
"41.8000","3.4834","7.9934"
"41.8200","3.4852","7.9955"
"41.8400","3.4869","7.9985"
"41.8600","3.4886","8.0016"
"41.8800","3.4902","8.0044"
"41.9000","3.4918","8.0068"
"41.9200","3.4933","8.0085"
"41.9400","3.4951","8.0102"
"41.9600","3.4969","8.0128"
"41.9800","3.4986","8.0158"
"42.0000","3.5002","8.0185"
"42.0200","3.5019","8.0209"
"42.0400","3.5035","8.0232"
"42.0600","3.5051","8.0253"
"42.0800","3.5068","8.0274"
"42.1000","3.5085","8.0297"
"42.1200","3.5102","8.0325"
"42.1400","3.5119","8.0353"
"42.1600","3.5136","8.0379"
"42.1800","3.5152","8.0408"
"42.2000","3.5167","8.0431"
"42.2200","3.5184","8.0446"
"42.2400","3.5201","8.0461"
"42.2600","3.5219","8.0490"
"42.2800","3.5236","8.0520"
"42.3000","3.5252","8.0548"
"42.3200","3.5269","8.0576"
"42.3400","3.5284","8.0595"
"42.3600","3.5300","8.0610"
"42.3800","3.5318","8.0632"
"42.4000","3.5336","8.0660"
"42.4200","3.5352","8.0688"
"42.4400","3.5369","8.0718"
"42.4600","3.5385","8.0739"
"42.4800","3.5401","8.0759"
"42.5000","3.5417","8.0779"
"42.5200","3.5434","8.0802"
"42.5400","3.5452","8.0830"
"42.5600","3.5469","8.0858"
"42.5800","3.5486","8.0881"
"42.6000","3.5502","8.0910"
"42.6200","3.5518","8.0936"
"42.6400","3.5533","8.0956"
"42.6600","3.5551","8.0973"
"42.6800","3.5569","8.0997"
"42.7000","3.5587","8.1030"
"42.7200","3.5603","8.1060"
"42.7400","3.5619","8.1086"
"42.7600","3.5634","8.1104"
"42.7800","3.5650","8.1115"
"42.8000","3.5668","8.1129"
"42.8200","3.5686","8.1158"
"42.8400","3.5703","8.1195"
"42.8600","3.5720","8.1223"
"42.8800","3.5736","8.1246"
"42.9000","3.5752","8.1264"
"42.9200","3.5767","8.1281"
"42.9400","3.5784","8.1299"
"42.9600","3.5801","8.1320"
"42.9800","3.5819","8.1349"
"43.0000","3.5835","8.1378"
"43.0200","3.5852","8.1403"
"43.0400","3.5868","8.1428"
"43.0600","3.5883","8.1447"
"43.0800","3.5900","8.1459"
"43.1000","3.5917","8.1482"
"43.1200","3.5936","8.1513"
"43.1400","3.5952","8.1546"
"43.1600","3.5969","8.1576"
"43.1800","3.5985","8.1599"
"43.2000","3.6000","8.1618"
"43.2200","3.6017","8.1633"
"43.2400","3.6035","8.1654"
"43.2600","3.6052","8.1681"
"43.2800","3.6069","8.1711"
"43.3000","3.6086","8.1735"
"43.3200","3.6102","8.1761"
"43.3400","3.6118","8.1784"
"43.3600","3.6134","8.1798"
"43.3800","3.6151","8.1818"
"43.4000","3.6169","8.1844"
"43.4200","3.6186","8.1869"
"43.4400","3.6203","8.1895"
"43.4600","3.6220","8.1925"
"43.4800","3.6234","8.1951"
"43.5000","3.6250","8.1965"
"43.5200","3.6267","8.1975"
"43.5400","3.6285","8.1998"
"43.5600","3.6302","8.2028"
"43.5800","3.6319","8.2057"
"43.6000","3.6336","8.2090"
"43.6200","3.6351","8.2112"
"43.6400","3.6366","8.2123"
"43.6600","3.6384","8.2137"
"43.6800","3.6402","8.2166"
"43.7000","3.6419","8.2196"
"43.7200","3.6436","8.2222"
"43.7400","3.6452","8.2246"
"43.7600","3.6468","8.2267"
"43.7800","3.6484","8.2284"
"43.8000","3.6501","8.2297"
"43.8200","3.6518","8.2321"
"43.8400","3.6536","8.2349"
"43.8600","3.6552","8.2374"
"43.8800","3.6570","8.2401"
"43.9000","3.6586","8.2430"
"43.9200","3.6600","8.2451"
"43.9400","3.6617","8.2457"
"43.9600","3.6634","8.2475"
"43.9800","3.6652","8.2504"
"44.0000","3.6669","8.2536"
"44.0200","3.6686","8.2564"
"44.0400","3.6701","8.2586"
"44.0600","3.6716","8.2603"
"44.0800","3.6734","8.2621"
"44.1000","3.6751","8.2641"
"44.1200","3.6769","8.2669"
"44.1400","3.6785","8.2698"
"44.1600","3.6802","8.2726"
"44.1800","3.6819","8.2750"
"44.2000","3.6835","8.2773"
"44.2200","3.6852","8.2792"
"44.2400","3.6868","8.2810"
"44.2600","3.6885","8.2832"
"44.2800","3.6902","8.2856"
"44.3000","3.6919","8.2884"
"44.3200","3.6936","8.2915"
"44.3400","3.6952","8.2937"
"44.3600","3.6967","8.2950"
"44.3800","3.6984","8.2964"
"44.4000","3.7002","8.2988"
"44.4200","3.7019","8.3016"
"44.4400","3.7036","8.3047"
"44.4600","3.7052","8.3071"
"44.4800","3.7067","8.3094"
"44.5000","3.7083","8.3107"
"44.5200","3.7101","8.3120"
"44.5400","3.7119","8.3143"
"44.5600","3.7135","8.3173"
"44.5800","3.7152","8.3199"
"44.6000","3.7168","8.3221"
"44.6200","3.7184","8.3242"
"44.6400","3.7200","8.3265"
"44.6600","3.7217","8.3283"
"44.6800","3.7234","8.3305"
"44.7000","3.7251","8.3332"
"44.7200","3.7269","8.3361"
"44.7400","3.7286","8.3389"
"44.7600","3.7302","8.3413"
"44.7800","3.7317","8.3433"
"44.8000","3.7334","8.3450"
"44.8200","3.7352","8.3472"
"44.8400","3.7369","8.3502"
"44.8600","3.7386","8.3531"
"44.8800","3.7402","8.3557"
"44.9000","3.7418","8.3577"
"44.9200","3.7434","8.3595"
"44.9400","3.7452","8.3611"
"44.9600","3.7469","8.3636"
"44.9800","3.7486","8.3665"
"45.0000","3.7502","8.3691"
"45.0200","3.7519","8.3712"
"45.0400","3.7535","8.3733"
"45.0600","3.7551","8.3750"
"45.0800","3.7568","8.3769"
"45.1000","3.7585","8.3793"
"45.1200","3.7601","8.3820"
"45.1400","3.7618","8.3846"
"45.1600","3.7636","8.3868"
"45.1800","3.7652","8.3893"
"45.2000","3.7667","8.3916"
"45.2200","3.7683","8.3937"
"45.2400","3.7701","8.3956"
"45.2600","3.7719","8.3979"
"45.2800","3.7736","8.4010"
"45.3000","3.7752","8.4040"
"45.3200","3.7768","8.4065"
"45.3400","3.7784","8.4084"
"45.3600","3.7800","8.4099"
"45.3800","3.7818","8.4116"
"45.4000","3.7836","8.4143"
"45.4200","3.7852","8.4174"
"45.4400","3.7869","8.4195"
"45.4600","3.7886","8.4215"
"45.4800","3.7901","8.4236"
"45.5000","3.7918","8.4254"
"45.5200","3.7935","8.4277"
"45.5400","3.7952","8.4299"
"45.5600","3.7969","8.4322"
"45.5800","3.7986","8.4349"
"45.6000","3.8002","8.4375"
"45.6200","3.8017","8.4398"
"45.6400","3.8032","8.4414"
"45.6600","3.8050","8.4427"
"45.6800","3.8069","8.4449"
"45.7000","3.8086","8.4479"
"45.7200","3.8103","8.4517"
"45.7400","3.8119","8.4546"
"45.7600","3.8135","8.4568"
"45.7800","3.8150","8.4581"
"45.8000","3.8168","8.4592"
"45.8200","3.8186","8.4615"
"45.8400","3.8202","8.4647"
"45.8600","3.8219","8.4678"
"45.8800","3.8236","8.4703"
"45.9000","3.8252","8.4721"
"45.9200","3.8267","8.4737"
"45.9400","3.8285","8.4755"
"45.9600","3.8302","8.4778"
"45.9800","3.8319","8.4801"
"46.0000","3.8336","8.4830"
"46.0200","3.8353","8.4855"
"46.0400","3.8369","8.4882"
"46.0600","3.8383","8.4903"
"46.0800","3.8400","8.4913"
"46.1000","3.8417","8.4926"
"46.1200","3.8436","8.4954"
"46.1400","3.8452","8.4985"
"46.1600","3.8469","8.5013"
"46.1800","3.8484","8.5034"
"46.2000","3.8499","8.5051"
"46.2200","3.8516","8.5066"
"46.2400","3.8534","8.5086"
"46.2600","3.8552","8.5114"
"46.2800","3.8569","8.5142"
"46.3000","3.8586","8.5168"
"46.3200","3.8602","8.5194"
"46.3400","3.8617","8.5217"
"46.3600","3.8634","8.5234"
"46.3800","3.8651","8.5251"
"46.4000","3.8668","8.5274"
"46.4200","3.8686","8.5298"
"46.4400","3.8703","8.5325"
"46.4600","3.8720","8.5357"
"46.4800","3.8734","8.5381"
"46.5000","3.8750","8.5392"
"46.5200","3.8767","8.5402"
"46.5400","3.8786","8.5427"
"46.5600","3.8803","8.5455"
"46.5800","3.8820","8.5485"
"46.6000","3.8836","8.5510"
"46.6200","3.8851","8.5530"
"46.6400","3.8866","8.5539"
"46.6600","3.8884","8.5550"
"46.6800","3.8902","8.5575"
"46.7000","3.8919","8.5606"
"46.7200","3.8936","8.5636"
"46.7400","3.8952","8.5660"
"46.7600","3.8968","8.5681"
"46.7800","3.8984","8.5699"
"46.8000","3.9001","8.5713"
"46.8200","3.9017","8.5736"
"46.8400","3.9035","8.5759"
"46.8600","3.9052","8.5787"
"46.8800","3.9070","8.5817"
"46.9000","3.9086","8.5845"
"46.9200","3.9100","8.5863"
"46.9400","3.9117","8.5872"
"46.9600","3.9134","8.5888"
"46.9800","3.9152","8.5912"
"47.0000","3.9169","8.5943"
"47.0200","3.9186","8.5976"
"47.0400","3.9202","8.6002"
"47.0600","3.9217","8.6018"
"47.0800","3.9234","8.6029"
"47.1000","3.9252","8.6049"
"47.1200","3.9269","8.6076"
"47.1400","3.9285","8.6105"
"47.1600","3.9302","8.6124"
"47.1800","3.9319","8.6147"
"47.2000","3.9335","8.6170"
"47.2200","3.9351","8.6192"
"47.2400","3.9367","8.6209"
"47.2600","3.9385","8.6228"
"47.2800","3.9401","8.6253"
"47.3000","3.9419","8.6279"
"47.3200","3.9436","8.6304"
"47.3400","3.9451","8.6328"
"47.3600","3.9467","8.6344"
"47.3800","3.9484","8.6364"
"47.4000","3.9502","8.6390"
"47.4200","3.9519","8.6420"
"47.4400","3.9536","8.6450"
"47.4600","3.9552","8.6472"
"47.4800","3.9567","8.6492"
"47.5000","3.9584","8.6504"
"47.5200","3.9601","8.6515"
"47.5400","3.9619","8.6542"
"47.5600","3.9636","8.6572"
"47.5800","3.9652","8.6595"
"47.6000","3.9669","8.6617"
"47.6200","3.9686","8.6638"
"47.6400","3.9701","8.6660"
"47.6600","3.9718","8.6680"
"47.6800","3.9735","8.6699"
"47.7000","3.9752","8.6722"
"47.7200","3.9769","8.6745"
"47.7400","3.9786","8.6773"
"47.7600","3.9801","8.6798"
"47.7800","3.9817","8.6819"
"47.8000","3.9834","8.6837"
"47.8200","3.9852","8.6857"
"47.8400","3.9869","8.6886"
"47.8600","3.9886","8.6918"
"47.8800","3.9902","8.6943"
"47.9000","3.9917","8.6960"
"47.9200","3.9934","8.6976"
"47.9400","3.9951","8.6997"
"47.9600","3.9969","8.7025"
"47.9800","3.9986","8.7054"
"48.0000","4.0002","8.7081"
"48.0200","4.0019","8.7102"
"48.0400","4.0036","8.7128"
"48.0600","4.0051","8.7148"
"48.0800","4.0068","8.7163"
"48.1000","4.0085","8.7182"
"48.1200","4.0102","8.7206"
"48.1400","4.0119","8.7235"
"48.1600","4.0136","8.7261"
"48.1800","4.0152","8.7285"
"48.2000","4.0167","8.7305"
"48.2200","4.0184","8.7315"
"48.2400","4.0201","8.7329"
"48.2600","4.0219","8.7354"
"48.2800","4.0236","8.7383"
"48.3000","4.0252","8.7411"
"48.3200","4.0268","8.7434"
"48.3400","4.0284","8.7451"
"48.3600","4.0301","8.7466"
"48.3800","4.0318","8.7485"
"48.4000","4.0336","8.7510"
"48.4200","4.0352","8.7541"
"48.4400","4.0369","8.7569"
"48.4600","4.0385","8.7591"
"48.4800","4.0401","8.7610"
"48.5000","4.0417","8.7628"
"48.5200","4.0434","8.7647"
"48.5400","4.0452","8.7670"
"48.5600","4.0469","8.7696"
"48.5800","4.0486","8.7721"
"48.6000","4.0503","8.7750"
"48.6200","4.0518","8.7773"
"48.6400","4.0533","8.7785"
"48.6600","4.0551","8.7797"
"48.6800","4.0569","8.7821"
"48.7000","4.0587","8.7857"
"48.7200","4.0604","8.7887"
"48.7400","4.0619","8.7908"
"48.7600","4.0634","8.7924"
"48.7800","4.0650","8.7932"
"48.8000","4.0667","8.7943"
"48.8200","4.0686","8.7967"
"48.8400","4.0702","8.7999"
"48.8600","4.0719","8.8024"
"48.8800","4.0735","8.8047"
"48.9000","4.0751","8.8068"
"48.9200","4.0766","8.8087"
"48.9400","4.0784","8.8104"
"48.9600","4.0801","8.8127"
"48.9800","4.0819","8.8152"
"49.0000","4.0836","8.8178"
"49.0200","4.0852","8.8205"
"49.0400","4.0869","8.8234"
"49.0600","4.0883","8.8252"
"49.0800","4.0900","8.8266"
"49.1000","4.0918","8.8282"
"49.1200","4.0937","8.8309"
"49.1400","4.0953","8.8341"
"49.1600","4.0969","8.8368"
"49.1800","4.0985","8.8386"
"49.2000","4.1000","8.8401"
"49.2200","4.1017","8.8411"
"49.2400","4.1035","8.8429"
"49.2600","4.1052","8.8457"
"49.2800","4.1069","8.8487"
"49.3000","4.1086","8.8511"
"49.3200","4.1102","8.8530"
"49.3400","4.1117","8.8552"
"49.3600","4.1134","8.8567"
"49.3800","4.1151","8.8582"
"49.4000","4.1168","8.8604"
"49.4200","4.1186","8.8629"
"49.4400","4.1203","8.8655"
"49.4600","4.1219","8.8684"
"49.4800","4.1234","8.8708"
"49.5000","4.1249","8.8723"
"49.5200","4.1267","8.8736"
"49.5400","4.1286","8.8756"
"49.5600","4.1302","8.8785"
"49.5800","4.1319","8.8815"
"49.6000","4.1336","8.8841"
"49.6200","4.1351","8.8860"
"49.6400","4.1366","8.8871"
"49.6600","4.1384","8.8885"
"49.6800","4.1402","8.8913"
"49.7000","4.1419","8.8942"
"49.7200","4.1436","8.8970"
"49.7400","4.1452","8.8991"
"49.7600","4.1469","8.9012"
"49.7800","4.1484","8.9031"
"49.8000","4.1501","8.9045"
"49.8200","4.1518","8.9065"
"49.8400","4.1535","8.9091"
"49.8600","4.1552","8.9114"
"49.8800","4.1569","8.9138"
"49.9000","4.1585","8.9164"
"49.9200","4.1599","8.9183"
"49.9400","4.1617","8.9195"
"49.9600","4.1634","8.9212"
"49.9800","4.1652","8.9238"
"50.0000","4.1669","8.9268"
"50.0200","4.1686","8.9294"
"50.0400","4.1702","8.9317"
"50.0600","4.1717","8.9333"
"50.0800","4.1734","8.9346"
"50.1000","4.1752","8.9365"
"50.1200","4.1769","8.9391"
"50.1400","4.1786","8.9420"
"50.1600","4.1802","8.9445"
"50.1800","4.1820","8.9467"
"50.2000","4.1836","8.9492"
"50.2200","4.1851","8.9512"
"50.2400","4.1868","8.9528"
"50.2600","4.1886","8.9543"
"50.2800","4.1902","8.9566"
"50.3000","4.1920","8.9592"
"50.3200","4.1936","8.9620"
"50.3400","4.1951","8.9644"
"50.3600","4.1967","8.9659"
"50.3800","4.1984","8.9670"
"50.4000","4.2002","8.9689"
"50.4200","4.2019","8.9720"
"50.4400","4.2036","8.9748"
"50.4600","4.2052","8.9771"
"50.4800","4.2067","8.9789"
"50.5000","4.2083","8.9804"
"50.5200","4.2101","8.9822"
"50.5400","4.2119","8.9850"
"50.5600","4.2136","8.9880"
"50.5800","4.2152","8.9903"
"50.6000","4.2169","8.9923"
"50.6200","4.2186","8.9948"
"50.6400","4.2201","8.9972"
"50.6600","4.2218","8.9988"
"50.6800","4.2235","9.0004"
"50.7000","4.2252","9.0027"
"50.7200","4.2269","9.0052"
"50.7400","4.2286","9.0080"
"50.7600","4.2302","9.0104"
"50.7800","4.2317","9.0120"
"50.8000","4.2334","9.0134"
"50.8200","4.2352","9.0156"
"50.8400","4.2370","9.0187"
"50.8600","4.2386","9.0218"
"50.8800","4.2402","9.0240"
"50.9000","4.2418","9.0257"
"50.9200","4.2434","9.0271"
"50.9400","4.2452","9.0285"
"50.9600","4.2469","9.0313"
"50.9800","4.2486","9.0341"
"51.0000","4.2502","9.0368"
"51.0200","4.2519","9.0385"
"51.0400","4.2535","9.0406"
"51.0600","4.2551","9.0425"
"51.0800","4.2567","9.0445"
"51.1000","4.2584","9.0467"
"51.1200","4.2602","9.0492"
"51.1400","4.2619","9.0516"
"51.1600","4.2636","9.0544"
"51.1800","4.2652","9.0570"
"51.2000","4.2667","9.0589"
"51.2200","4.2684","9.0603"
"51.2400","4.2701","9.0619"
"51.2600","4.2719","9.0642"
"51.2800","4.2736","9.0669"
"51.3000","4.2752","9.0696"
"51.3200","4.2768","9.0718"
"51.3400","4.2784","9.0735"
"51.3600","4.2801","9.0752"
"51.3800","4.2819","9.0773"
"51.4000","4.2836","9.0802"
"51.4200","4.2852","9.0832"
"51.4400","4.2869","9.0853"
"51.4600","4.2885","9.0873"
"51.4800","4.2901","9.0892"
"51.5000","4.2917","9.0910"
"51.5200","4.2934","9.0930"
"51.5400","4.2952","9.0956"
"51.5600","4.2969","9.0984"
"51.5800","4.2986","9.1009"
"51.6000","4.3002","9.1035"
"51.6200","4.3018","9.1057"
"51.6400","4.3033","9.1074"
"51.6600","4.3051","9.1086"
"51.6800","4.3069","9.1111"
"51.7000","4.3087","9.1144"
"51.7200","4.3103","9.1175"
"51.7400","4.3119","9.1200"
"51.7600","4.3134","9.1218"
"51.7800","4.3149","9.1224"
"51.8000","4.3168","9.1234"
"51.8200","4.3186","9.1265"
"51.8400","4.3203","9.1301"
"51.8600","4.3219","9.1331"
"51.8800","4.3236","9.1351"
"51.9000","4.3252","9.1370"
"51.9200","4.3267","9.1385"
"51.9400","4.3285","9.1401"
"51.9600","4.3302","9.1423"
"51.9800","4.3319","9.1447"
"52.0000","4.3336","9.1469"
"52.0200","4.3352","9.1490"
"52.0400","4.3368","9.1514"
"52.0600","4.3383","9.1532"
"52.0800","4.3399","9.1541"
"52.1000","4.3417","9.1562"
"52.1200","4.3436","9.1591"
"52.1400","4.3452","9.1620"
"52.1600","4.3468","9.1643"
"52.1800","4.3484","9.1666"
"52.2000","4.3499","9.1680"
"52.2200","4.3517","9.1694"
"52.2400","4.3535","9.1714"
"52.2600","4.3552","9.1741"
"52.2800","4.3569","9.1770"
"52.3000","4.3586","9.1799"
"52.3200","4.3603","9.1826"
"52.3400","4.3618","9.1845"
"52.3600","4.3634","9.1858"
"52.3800","4.3652","9.1874"
"52.4000","4.3669","9.1891"
"52.4200","4.3686","9.1919"
"52.4400","4.3704","9.1947"
"52.4600","4.3721","9.1975"
"52.4800","4.3735","9.1996"
"52.5000","4.3750","9.2003"
"52.5200","4.3767","9.2010"
"52.5400","4.3786","9.2031"
"52.5600","4.3802","9.2062"
"52.5800","4.3819","9.2090"
"52.6000","4.3836","9.2115"
"52.6200","4.3851","9.2135"
"52.6400","4.3866","9.2147"
"52.6600","4.3884","9.2158"
"52.6800","4.3902","9.2182"
"52.7000","4.3919","9.2214"
"52.7200","4.3936","9.2241"
"52.7400","4.3952","9.2263"
"52.7600","4.3968","9.2287"
"52.7800","4.3984","9.2304"
"52.8000","4.4001","9.2320"
"52.8200","4.4018","9.2343"
"52.8400","4.4036","9.2371"
"52.8600","4.4053","9.2396"
"52.8800","4.4070","9.2423"
"52.9000","4.4086","9.2451"
"52.9200","4.4100","9.2469"
"52.9400","4.4117","9.2477"
"52.9600","4.4134","9.2491"
"52.9800","4.4152","9.2518"
"53.0000","4.4169","9.2549"
"53.0200","4.4186","9.2574"
"53.0400","4.4202","9.2595"
"53.0600","4.4217","9.2611"
"53.0800","4.4234","9.2623"
"53.1000","4.4251","9.2640"
"53.1200","4.4269","9.2667"
"53.1400","4.4285","9.2695"
"53.1600","4.4302","9.2717"
"53.1800","4.4319","9.2742"
"53.2000","4.4335","9.2768"
"53.2200","4.4351","9.2785"
"53.2400","4.4367","9.2803"
"53.2600","4.4385","9.2822"
"53.2800","4.4402","9.2840"
"53.3000","4.4419","9.2863"
"53.3200","4.4436","9.2892"
"53.3400","4.4451","9.2915"
"53.3600","4.4467","9.2931"
"53.3800","4.4484","9.2942"
"53.4000","4.4502","9.2957"
"53.4200","4.4519","9.2989"
"53.4400","4.4536","9.3019"
"53.4600","4.4552","9.3044"
"53.4800","4.4567","9.3063"
"53.5000","4.4583","9.3077"
"53.5200","4.4601","9.3088"
"53.5400","4.4619","9.3112"
"53.5600","4.4636","9.3144"
"53.5800","4.4652","9.3170"
"53.6000","4.4669","9.3191"
"53.6200","4.4686","9.3211"
"53.6400","4.4701","9.3231"
"53.6600","4.4718","9.3248"
"53.6800","4.4735","9.3269"
"53.7000","4.4751","9.3292"
"53.7200","4.4768","9.3314"
"53.7400","4.4785","9.3340"
"53.7600","4.4801","9.3363"
"53.7800","4.4816","9.3385"
"53.8000","4.4834","9.3402"
"53.8200","4.4851","9.3421"
"53.8400","4.4869","9.3449"
"53.8600","4.4886","9.3479"
"53.8800","4.4902","9.3505"
"53.9000","4.4918","9.3525"
"53.9200","4.4934","9.3540"
"53.9400","4.4951","9.3549"
"53.9600","4.4969","9.3573"
"53.9800","4.4986","9.3606"
"54.0000","4.5002","9.3632"
"54.0200","4.5019","9.3652"
"54.0400","4.5036","9.3670"
"54.0600","4.5051","9.3688"
"54.0800","4.5069","9.3709"
"54.1000","4.5086","9.3734"
"54.1200","4.5102","9.3757"
"54.1400","4.5119","9.3783"
"54.1600","4.5136","9.3802"
"54.1800","4.5152","9.3822"
"54.2000","4.5167","9.3844"
"54.2200","4.5183","9.3855"
"54.2400","4.5201","9.3871"
"54.2600","4.5218","9.3891"
"54.2800","4.5235","9.3916"
"54.3000","4.5252","9.3940"
"54.3200","4.5268","9.3967"
"54.3400","4.5284","9.3988"
"54.3600","4.5301","9.4003"
"54.3800","4.5318","9.4019"
"54.4000","4.5336","9.4044"
"54.4200","4.5352","9.4075"
"54.4400","4.5369","9.4099"
"54.4600","4.5385","9.4118"
"54.4800","4.5401","9.4137"
"54.5000","4.5417","9.4153"
"54.5200","4.5435","9.4173"
"54.5400","4.5452","9.4192"
"54.5600","4.5469","9.4218"
"54.5800","4.5486","9.4248"
"54.6000","4.5503","9.4275"
"54.6200","4.5518","9.4297"
"54.6400","4.5534","9.4312"
"54.6600","4.5551","9.4322"
"54.6800","4.5569","9.4343"
"54.7000","4.5586","9.4375"
"54.7200","4.5603","9.4406"
"54.7400","4.5619","9.4429"
"54.7600","4.5634","9.4446"
"54.7800","4.5649","9.4460"
"54.8000","4.5667","9.4471"
"54.8200","4.5686","9.4493"
"54.8400","4.5702","9.4525"
"54.8600","4.5719","9.4559"
"54.8800","4.5736","9.4581"
"54.9000","4.5752","9.4598"
"54.9200","4.5767","9.4612"
"54.9400","4.5784","9.4627"
"54.9600","4.5802","9.4648"
"54.9800","4.5819","9.4673"
"55.0000","4.5836","9.4699"
"55.0200","4.5852","9.4722"
"55.0400","4.5869","9.4746"
"55.0600","4.5883","9.4764"
"55.0800","4.5900","9.4775"
"55.1000","4.5918","9.4792"
"55.1200","4.5936","9.4820"
"55.1400","4.5953","9.4851"
"55.1600","4.5970","9.4879"
"55.1800","4.5986","9.4899"
"55.2000","4.6000","9.4913"
"55.2200","4.6017","9.4921"
"55.2400","4.6035","9.4941"
"55.2600","4.6052","9.4970"
"55.2800","4.6069","9.4995"
"55.3000","4.6086","9.5017"
"55.3200","4.6102","9.5039"
"55.3400","4.6117","9.5059"
"55.3600","4.6133","9.5072"
"55.3800","4.6151","9.5086"
"55.4000","4.6168","9.5110"
"55.4200","4.6186","9.5135"
"55.4400","4.6203","9.5159"
"55.4600","4.6220","9.5185"
"55.4800","4.6234","9.5209"
"55.5000","4.6250","9.5222"
"55.5200","4.6267","9.5231"
"55.5400","4.6285","9.5254"
"55.5600","4.6303","9.5280"
"55.5800","4.6320","9.5311"
"55.6000","4.6336","9.5338"
"55.6200","4.6351","9.5359"
"55.6400","4.6366","9.5373"
"55.6600","4.6385","9.5382"
"55.6800","4.6403","9.5403"
"55.7000","4.6420","9.5433"
"55.7200","4.6436","9.5460"
"55.7400","4.6452","9.5481"
"55.7600","4.6469","9.5501"
"55.7800","4.6484","9.5516"
"55.8000","4.6501","9.5531"
"55.8200","4.6517","9.5546"
"55.8400","4.6534","9.5570"
"55.8600","4.6552","9.5594"
"55.8800","4.6569","9.5616"
"55.9000","4.6584","9.5640"
"55.9200","4.6599","9.5659"
"55.9400","4.6616","9.5670"
"55.9600","4.6634","9.5687"
"55.9800","4.6652","9.5713"
"56.0000","4.6669","9.5745"
"56.0200","4.6686","9.5773"
"56.0400","4.6702","9.5793"
"56.0600","4.6717","9.5808"
"56.0800","4.6734","9.5819"
"56.1000","4.6752","9.5839"
"56.1200","4.6769","9.5865"
"56.1400","4.6786","9.5895"
"56.1600","4.6802","9.5917"
"56.1800","4.6819","9.5936"
"56.2000","4.6835","9.5960"
"56.2200","4.6851","9.5975"
"56.2400","4.6868","9.5990"
"56.2600","4.6885","9.6011"
"56.2800","4.6902","9.6031"
"56.3000","4.6919","9.6052"
"56.3200","4.6936","9.6078"
"56.3400","4.6951","9.6103"
"56.3600","4.6966","9.6116"
"56.3800","4.6984","9.6129"
"56.4000","4.7002","9.6150"
"56.4200","4.7019","9.6179"
"56.4400","4.7036","9.6210"
"56.4600","4.7052","9.6234"
"56.4800","4.7068","9.6251"
"56.5000","4.7084","9.6263"
"56.5200","4.7101","9.6280"
"56.5400","4.7119","9.6303"
"56.5600","4.7136","9.6330"
"56.5800","4.7152","9.6354"
"56.6000","4.7169","9.6373"
"56.6200","4.7185","9.6392"
"56.6400","4.7201","9.6412"
"56.6600","4.7217","9.6430"
"56.6800","4.7235","9.6449"
"56.7000","4.7252","9.6472"
"56.7200","4.7269","9.6494"
"56.7400","4.7286","9.6518"
"56.7600","4.7302","9.6540"
"56.7800","4.7317","9.6555"
"56.8000","4.7334","9.6571"
"56.8200","4.7352","9.6591"
"56.8400","4.7369","9.6619"
"56.8600","4.7386","9.6647"
"56.8800","4.7402","9.6669"
"56.9000","4.7417","9.6686"
"56.9200","4.7433","9.6702"
"56.9400","4.7451","9.6715"
"56.9600","4.7469","9.6738"
"56.9800","4.7486","9.6767"
"57.0000","4.7502","9.6793"
"57.0200","4.7519","9.6816"
"57.0400","4.7535","9.6837"
"57.0600","4.7551","9.6853"
"57.0800","4.7568","9.6867"
"57.1000","4.7585","9.6886"
"57.1200","4.7602","9.6909"
"57.1400","4.7618","9.6929"
"57.1600","4.7636","9.6952"
"57.1800","4.7652","9.6975"
"57.2000","4.7667","9.6998"
"57.2200","4.7684","9.7012"
"57.2400","4.7701","9.7029"
"57.2600","4.7719","9.7054"
"57.2800","4.7736","9.7078"
"57.3000","4.7752","9.7106"
"57.3200","4.7768","9.7127"
"57.3400","4.7784","9.7142"
"57.3600","4.7800","9.7154"
"57.3800","4.7818","9.7171"
"57.4000","4.7836","9.7195"
"57.4200","4.7852","9.7225"
"57.4400","4.7869","9.7250"
"57.4600","4.7884","9.7270"
"57.4800","4.7901","9.7287"
"57.5000","4.7917","9.7306"
"57.5200","4.7934","9.7325"
"57.5400","4.7952","9.7349"
"57.5600","4.7969","9.7373"
"57.5800","4.7986","9.7397"
"57.6000","4.8003","9.7425"
"57.6200","4.8018","9.7451"
"57.6400","4.8033","9.7462"
"57.6600","4.8051","9.7468"
"57.6800","4.8069","9.7486"
"57.7000","4.8086","9.7516"
"57.7200","4.8103","9.7549"
"57.7400","4.8119","9.7573"
"57.7600","4.8134","9.7593"
"57.7800","4.8149","9.7601"
"57.8000","4.8168","9.7608"
"57.8200","4.8186","9.7634"
"57.8400","4.8203","9.7666"
"57.8600","4.8219","9.7694"
"57.8800","4.8236","9.7716"
"57.9000","4.8252","9.7734"
"57.9200","4.8267","9.7747"
"57.9400","4.8284","9.7759"
"57.9600","4.8301","9.7778"
"57.9800","4.8319","9.7806"
"58.0000","4.8335","9.7830"
"58.0200","4.8352","9.7847"
"58.0400","4.8368","9.7867"
"58.0600","4.8382","9.7890"
"58.0800","4.8399","9.7903"
"58.1000","4.8417","9.7919"
"58.1200","4.8436","9.7945"
"58.1400","4.8452","9.7977"
"58.1600","4.8469","9.8003"
"58.1800","4.8485","9.8020"
"58.2000","4.8499","9.8037"
"58.2200","4.8517","9.8049"
"58.2400","4.8535","9.8067"
"58.2600","4.8552","9.8092"
"58.2800","4.8569","9.8119"
"58.3000","4.8586","9.8144"
"58.3200","4.8602","9.8167"
"58.3400","4.8618","9.8186"
"58.3600","4.8634","9.8197"
"58.3800","4.8651","9.8213"
"58.4000","4.8669","9.8232"
"58.4200","4.8686","9.8257"
"58.4400","4.8704","9.8283"
"58.4600","4.8720","9.8310"
"58.4800","4.8734","9.8332"
"58.5000","4.8749","9.8344"
"58.5200","4.8767","9.8353"
"58.5400","4.8785","9.8374"
"58.5600","4.8802","9.8403"
"58.5800","4.8819","9.8429"
"58.6000","4.8836","9.8455"
"58.6200","4.8851","9.8475"
"58.6400","4.8866","9.8486"
"58.6600","4.8884","9.8500"
"58.6800","4.8902","9.8523"
"58.7000","4.8919","9.8553"
"58.7200","4.8936","9.8581"
"58.7400","4.8953","9.8602"
"58.7600","4.8969","9.8620"
"58.7800","4.8984","9.8637"
"58.8000","4.9001","9.8649"
"58.8200","4.9017","9.8669"
"58.8400","4.9035","9.8690"
"58.8600","4.9052","9.8714"
"58.8800","4.9070","9.8738"
"58.9000","4.9086","9.8764"
"58.9200","4.9100","9.8780"
"58.9400","4.9117","9.8789"
"58.9600","4.9135","9.8805"
"58.9800","4.9153","9.8828"
"59.0000","4.9170","9.8858"
"59.0200","4.9186","9.8886"
"59.0400","4.9202","9.8903"
"59.0600","4.9216","9.8916"
"59.0800","4.9233","9.8925"
"59.1000","4.9251","9.8940"
"59.1200","4.9268","9.8964"
"59.1400","4.9284","9.8990"
"59.1600","4.9302","9.9015"
"59.1800","4.9319","9.9038"
"59.2000","4.9335","9.9059"
"59.2200","4.9351","9.9075"
"59.2400","4.9367","9.9094"
"59.2600","4.9385","9.9113"
"59.2800","4.9402","9.9133"
"59.3000","4.9420","9.9158"
"59.3200","4.9436","9.9188"
"59.3400","4.9452","9.9209"
"59.3600","4.9467","9.9218"
"59.3800","4.9485","9.9228"
"59.4000","4.9503","9.9249"
"59.4200","4.9520","9.9280"
"59.4400","4.9536","9.9307"
"59.4600","4.9552","9.9322"
"59.4800","4.9567","9.9336"
"59.5000","4.9583","9.9347"
"59.5200","4.9601","9.9361"
"59.5400","4.9619","9.9389"
"59.5600","4.9635","9.9417"
"59.5800","4.9651","9.9440"
"59.6000","4.9668","9.9462"
"59.6200","4.9685","9.9483"
"59.6400","4.9701","9.9502"
"59.6600","4.9717","9.9519"
"59.6800","4.9734","9.9540"
"59.7000","4.9752","9.9565"
"59.7200","4.9769","9.9591"
"59.7400","4.9786","9.9618"
"59.7600","4.9802","9.9641"
"59.7800","4.9817","9.9656"
"59.8000","4.9834","9.9669"
"59.8200","4.9852","9.9684"
"59.8400","4.9870","9.9712"
"59.8600","4.9886","9.9742"
"59.8800","4.9902","9.9765"
"59.9000","4.9918","9.9779"
"59.9200","4.9934","9.9793"
"59.9400","4.9951","9.9808"
"59.9600","4.9969","9.9831"
"59.9800","4.9986","9.9861"
"60.0000","5.0002","9.9888"
"60.0200","5.0019","9.9906"
"60.0400","5.0035","9.9921"
"60.0600","5.0051","9.9935"
"60.0800","5.0068","9.9953"
"60.1000","5.0085","9.9974"
"60.1200","5.0102","10.0000"
"60.1400","5.0118","10.0024"
"60.1600","5.0136","10.0050"
"60.1800","5.0152","10.0073"
"60.2000","5.0167","10.0089"
"60.2200","5.0184","10.0103"
"60.2400","5.0201","10.0120"
"60.2600","5.0219","10.0143"
"60.2800","5.0236","10.0169"
"60.3000","5.0252","10.0193"
"60.3200","5.0268","10.0212"
"60.3400","5.0284","10.0231"
"60.3600","5.0301","10.0244"
"60.3800","5.0318","10.0260"
"60.4000","5.0336","10.0285"
"60.4200","5.0352","10.0312"
"60.4400","5.0369","10.0333"
"60.4600","5.0386","10.0351"
"60.4800","5.0401","10.0371"
"60.5000","5.0418","10.0392"
"60.5200","5.0435","10.0409"
"60.5400","5.0452","10.0428"
"60.5600","5.0469","10.0451"
"60.5800","5.0486","10.0473"
"60.6000","5.0502","10.0497"
"60.6200","5.0518","10.0519"
"60.6400","5.0533","10.0532"
"60.6600","5.0551","10.0539"
"60.6800","5.0569","10.0561"
"60.7000","5.0586","10.0588"
"60.7200","5.0602","10.0610"
"60.7400","5.0618","10.0628"
"60.7600","5.0634","10.0644"
"60.7800","5.0649","10.0659"
"60.8000","5.0667","10.0672"
"60.8200","5.0686","10.0695"
"60.8400","5.0702","10.0727"
"60.8600","5.0719","10.0752"
"60.8800","5.0735","10.0769"
"60.9000","5.0752","10.0784"
"60.9200","5.0767","10.0800"
"60.9400","5.0784","10.0819"
"60.9600","5.0802","10.0838"
"60.9800","5.0819","10.0862"
"61.0000","5.0836","10.0889"
"61.0200","5.0853","10.0912"
"61.0400","5.0869","10.0935"
"61.0600","5.0884","10.0950"
"61.0800","5.0901","10.0959"
"61.1000","5.0919","10.0973"
"61.1200","5.0937","10.1000"
"61.1400","5.0953","10.1032"
"61.1600","5.0969","10.1056"
"61.1800","5.0985","10.1071"
"61.2000","5.0999","10.1082"
"61.2200","5.1017","10.1091"
"61.2400","5.1034","10.1111"
"61.2600","5.1052","10.1133"
"61.2800","5.1069","10.1156"
"61.3000","5.1086","10.1178"
"61.3200","5.1102","10.1196"
"61.3400","5.1117","10.1215"
"61.3600","5.1134","10.1228"
"61.3800","5.1151","10.1244"
"61.4000","5.1169","10.1265"
"61.4200","5.1186","10.1288"
"61.4400","5.1203","10.1309"
"61.4600","5.1220","10.1337"
"61.4800","5.1234","10.1356"
"61.5000","5.1250","10.1367"
"61.5200","5.1267","10.1378"
"61.5400","5.1286","10.1395"
"61.5600","5.1303","10.1422"
"61.5800","5.1321","10.1446"
"61.6000","5.1336","10.1466"
"61.6200","5.1351","10.1480"
"61.6400","5.1366","10.1488"
"61.6600","5.1384","10.1495"
"61.6800","5.1402","10.1514"
"61.7000","5.1418","10.1540"
"61.7200","5.1435","10.1565"
"61.7400","5.1451","10.1583"
"61.7600","5.1467","10.1599"
"61.7800","5.1483","10.1614"
"61.8000","5.1500","10.1627"
"61.8200","5.1517","10.1644"
"61.8400","5.1535","10.1668"
"61.8600","5.1552","10.1667"
"61.8800","5.1583","7.9606"
"61.8880","5.1601","5.6506"

